Genre,Clip ID,jazz,reggae,rock,blues,hiphop,country,metal,classical,disco,pop
pop,0,0.0011,0.0831,0.0155,0.0003,0.0064,0.0138,0.0000,0.0006,0.0783,0.8010
pop,1,0.0063,0.0728,0.0505,0.0030,0.0174,0.0248,0.0006,0.0023,0.0847,0.7377
pop,2,0.0010,0.1043,0.0066,0.0001,0.0134,0.0057,0.0000,0.0002,0.0524,0.8164
pop,3,0.0053,0.0634,0.0613,0.0009,0.0036,0.0709,0.0000,0.0028,0.1023,0.6896
pop,4,0.0116,0.0527,0.0494,0.0031,0.0057,0.0544,0.0000,0.0015,0.0707,0.7509
pop,5,0.0015,0.0699,0.0124,0.0003,0.0088,0.0107,0.0000,0.0004,0.1072,0.7887
pop,6,0.0083,0.0856,0.0280,0.0011,0.0093,0.0346,0.0001,0.0007,0.0735,0.7588
pop,7,0.0032,0.0708,0.0283,0.0008,0.0070,0.0187,0.0000,0.0011,0.1075,0.7627
pop,8,0.0180,0.1376,0.0527,0.0018,0.0043,0.1421,0.0000,0.0003,0.0679,0.5753
pop,9,0.0111,0.0571,0.0448,0.0031,0.0059,0.0466,0.0000,0.0016,0.0772,0.7524
pop,10,0.0210,0.0531,0.0765,0.0024,0.0169,0.0544,0.0012,0.0034,0.1281,0.6430
pop,11,0.0051,0.0458,0.0599,0.0019,0.0093,0.0366,0.0001,0.0098,0.1244,0.7073
pop,12,0.0008,0.0382,0.0157,0.0004,0.0325,0.0019,0.0020,0.0002,0.0800,0.8283
pop,13,0.0063,0.0602,0.0369,0.0020,0.0093,0.0251,0.0001,0.0032,0.1445,0.7125
pop,14,0.0050,0.0623,0.0287,0.0005,0.0051,0.0320,0.0000,0.0024,0.0612,0.8027
pop,15,0.0164,0.0363,0.1340,0.0046,0.0092,0.1242,0.0005,0.0082,0.1324,0.5341
pop,16,0.0040,0.0907,0.0207,0.0006,0.0117,0.0178,0.0001,0.0007,0.1061,0.7477
pop,17,0.0280,0.1114,0.0321,0.0023,0.0071,0.0848,0.0000,0.0006,0.0474,0.6864
pop,18,0.1540,0.1120,0.1253,0.0640,0.0055,0.1817,0.0001,0.0270,0.1653,0.1651
pop,19,0.0016,0.0770,0.0079,0.0001,0.0120,0.0080,0.0000,0.0005,0.0507,0.8421
pop,20,0.0019,0.1771,0.0101,0.0006,0.2659,0.0054,0.0001,0.0004,0.1127,0.4258
pop,21,0.0017,0.1764,0.0066,0.0002,0.0537,0.0081,0.0000,0.0001,0.0459,0.7073
pop,22,0.0003,0.1511,0.0035,0.0001,0.3377,0.0005,0.0001,0.0001,0.0544,0.4522
pop,23,0.0153,0.0735,0.0424,0.0024,0.0066,0.0963,0.0000,0.0009,0.0420,0.7206
pop,24,0.0104,0.1158,0.0421,0.0037,0.0126,0.0345,0.0001,0.0017,0.1856,0.5934
pop,25,0.0039,0.1304,0.0337,0.0013,0.0980,0.0111,0.0009,0.0012,0.1615,0.5580
pop,26,0.0152,0.0786,0.0852,0.0045,0.0097,0.0677,0.0002,0.0088,0.2176,0.5127
pop,27,0.0878,0.1391,0.0538,0.0603,0.0600,0.1071,0.0012,0.0060,0.0289,0.4557
pop,28,0.0053,0.1457,0.0412,0.0029,0.1527,0.0111,0.0020,0.0009,0.1633,0.4749
pop,29,0.0002,0.0732,0.0024,0.0000,0.0198,0.0019,0.0000,0.0000,0.0418,0.8606
pop,30,0.0519,0.0982,0.0066,0.0098,0.0094,0.0564,0.0000,0.0033,0.0025,0.7621
pop,31,0.0075,0.1001,0.0140,0.0010,0.0811,0.0113,0.0002,0.0011,0.0691,0.7146
pop,32,0.0163,0.0720,0.0441,0.0027,0.0062,0.1037,0.0000,0.0010,0.0403,0.7138
pop,33,0.0005,0.2280,0.0052,0.0001,0.0977,0.0026,0.0000,0.0001,0.0530,0.6128
pop,34,0.0009,0.3422,0.0126,0.0008,0.1142,0.0042,0.0000,0.0008,0.2382,0.2863
pop,35,0.0124,0.1562,0.0156,0.0023,0.1419,0.0233,0.0001,0.0009,0.0547,0.5925
pop,36,0.0003,0.0781,0.0025,0.0000,0.0198,0.0022,0.0000,0.0000,0.0412,0.8558
pop,37,0.0000,0.2023,0.0014,0.0000,0.3491,0.0001,0.0000,0.0000,0.0652,0.3817
pop,38,0.0000,0.2717,0.0007,0.0000,0.3875,0.0001,0.0000,0.0000,0.0256,0.3144
pop,39,0.0178,0.1227,0.0350,0.0023,0.0164,0.0469,0.0001,0.0016,0.0830,0.6742
pop,40,0.0095,0.0885,0.0329,0.0018,0.0100,0.0703,0.0001,0.0007,0.0437,0.7427
pop,41,0.0685,0.0991,0.0857,0.0166,0.0041,0.3107,0.0001,0.0018,0.0457,0.3675
pop,42,0.0085,0.1009,0.0142,0.0012,0.0898,0.0118,0.0002,0.0011,0.0662,0.7061
pop,43,0.0162,0.0272,0.1138,0.0069,0.0066,0.1843,0.0002,0.0048,0.0462,0.5938
pop,44,0.0157,0.2013,0.0425,0.0042,0.0237,0.0531,0.0002,0.0008,0.1684,0.4899
pop,45,0.0001,0.1779,0.0015,0.0000,0.3675,0.0002,0.0000,0.0001,0.0542,0.3987
pop,46,0.0125,0.1149,0.1435,0.0409,0.2233,0.0299,0.0219,0.0018,0.3159,0.0954
pop,47,0.1156,0.0380,0.0865,0.0832,0.0016,0.5255,0.0000,0.0135,0.0111,0.1249
pop,48,0.0002,0.0970,0.0008,0.0000,0.2558,0.0003,0.0000,0.0001,0.0265,0.6193
pop,49,0.0065,0.1325,0.0212,0.0025,0.1438,0.0106,0.0017,0.0007,0.0866,0.5938
pop,50,0.0201,0.1223,0.0327,0.0024,0.0112,0.0626,0.0001,0.0012,0.0523,0.6952
pop,51,0.0018,0.2273,0.0066,0.0009,0.3170,0.0023,0.0001,0.0002,0.0566,0.3873
pop,52,0.0905,0.0755,0.0523,0.0065,0.0057,0.1918,0.0001,0.0020,0.0308,0.5450
pop,53,0.0004,0.1689,0.0023,0.0000,0.0834,0.0017,0.0000,0.0001,0.0250,0.7180
pop,54,0.0454,0.0217,0.1535,0.0193,0.0033,0.3106,0.0004,0.0813,0.0309,0.3336
pop,55,0.0006,0.0979,0.0035,0.0001,0.2121,0.0023,0.0000,0.0001,0.0347,0.6487
pop,56,0.0277,0.1400,0.0493,0.0202,0.0696,0.0304,0.0050,0.0011,0.0499,0.6067
pop,57,0.0006,0.1729,0.0057,0.0002,0.2060,0.0014,0.0001,0.0002,0.0643,0.5487
pop,58,0.0000,0.2462,0.0006,0.0000,0.4074,0.0000,0.0000,0.0000,0.0237,0.3221
pop,59,0.0002,0.0947,0.0013,0.0000,0.0497,0.0012,0.0000,0.0000,0.0204,0.8324
pop,60,0.0007,0.0496,0.0077,0.0001,0.0163,0.0032,0.0001,0.0006,0.0800,0.8419
pop,61,0.0358,0.1494,0.0267,0.0062,0.0342,0.0520,0.0001,0.0018,0.0420,0.6518
pop,62,0.0037,0.0329,0.2185,0.0145,0.0199,0.0191,0.0212,0.0119,0.4353,0.2229
pop,63,0.0422,0.1103,0.0570,0.0036,0.0036,0.1806,0.0000,0.0010,0.0388,0.5628
pop,64,0.0535,0.1832,0.0467,0.0135,0.0110,0.1251,0.0000,0.0008,0.0303,0.5358
pop,65,0.0025,0.1145,0.0159,0.0007,0.0133,0.0147,0.0000,0.0009,0.1204,0.7170
pop,66,0.0006,0.1729,0.0057,0.0002,0.2060,0.0014,0.0001,0.0002,0.0643,0.5487
pop,67,0.0032,0.0818,0.0162,0.0006,0.0138,0.0186,0.0001,0.0003,0.0756,0.7898
pop,68,0.0001,0.1484,0.0022,0.0000,0.2421,0.0004,0.0000,0.0000,0.0750,0.5316
pop,69,0.0909,0.0300,0.1418,0.0270,0.0017,0.3858,0.0001,0.0621,0.0339,0.2266
pop,70,0.0003,0.0988,0.0031,0.0000,0.0276,0.0025,0.0000,0.0001,0.0557,0.8118
pop,71,0.0025,0.3179,0.0160,0.0011,0.1318,0.0063,0.0001,0.0003,0.1407,0.3833
pop,72,0.0708,0.1209,0.0264,0.0120,0.3671,0.0316,0.0001,0.0008,0.0653,0.3050
pop,73,0.0052,0.1742,0.0180,0.0018,0.0873,0.0217,0.0001,0.0002,0.0929,0.5987
pop,74,0.0011,0.1854,0.0071,0.0003,0.1694,0.0026,0.0001,0.0003,0.1264,0.5074
pop,75,0.0004,0.1689,0.0023,0.0000,0.0834,0.0017,0.0000,0.0001,0.0250,0.7180
pop,76,0.0007,0.1534,0.0042,0.0002,0.0780,0.0028,0.0000,0.0003,0.0279,0.7325
pop,77,0.0026,0.2394,0.0109,0.0008,0.1534,0.0095,0.0001,0.0002,0.0622,0.5211
pop,78,0.0002,0.1708,0.0027,0.0001,0.4409,0.0003,0.0001,0.0001,0.0422,0.3427
pop,79,0.0322,0.1814,0.0377,0.0097,0.0052,0.1962,0.0001,0.0008,0.0186,0.5180
pop,80,0.0067,0.0408,0.1472,0.0039,0.0218,0.0650,0.0141,0.0294,0.1358,0.5354
pop,81,0.0729,0.0326,0.1604,0.0345,0.0045,0.3266,0.0008,0.0218,0.0421,0.3039
pop,82,0.0480,0.2667,0.0561,0.0595,0.0171,0.2215,0.0003,0.0018,0.0308,0.2982
pop,83,0.0707,0.0233,0.0661,0.0307,0.0018,0.2895,0.0001,0.1555,0.0096,0.3526
pop,84,0.0962,0.0238,0.0698,0.0346,0.0015,0.2529,0.0002,0.1981,0.0138,0.3091
pop,85,0.0009,0.0186,0.1024,0.0001,0.0111,0.0457,0.0002,0.0229,0.0965,0.7016
pop,86,0.0187,0.0694,0.0395,0.0023,0.0084,0.0595,0.0000,0.0010,0.0488,0.7524
pop,87,0.0051,0.1172,0.0254,0.0015,0.0313,0.0212,0.0002,0.0009,0.1355,0.6617
pop,88,0.0228,0.0392,0.1621,0.0082,0.0123,0.1771,0.0013,0.0149,0.1275,0.4348
pop,89,0.0604,0.0582,0.0772,0.0107,0.0035,0.4657,0.0001,0.0093,0.0219,0.2929
pop,90,0.0082,0.0826,0.0278,0.0011,0.0112,0.0251,0.0000,0.0017,0.0869,0.7555
pop,91,0.0141,0.0227,0.3733,0.0371,0.0057,0.1411,0.0030,0.0401,0.1913,0.1716
pop,92,0.0014,0.0522,0.0119,0.0002,0.0092,0.0096,0.0001,0.0003,0.0389,0.8761
pop,93,0.0002,0.1227,0.0016,0.0000,0.1408,0.0011,0.0000,0.0000,0.0321,0.7015
pop,94,0.0043,0.0870,0.0212,0.0006,0.0105,0.0187,0.0000,0.0008,0.1014,0.7554
pop,95,0.0065,0.1814,0.0401,0.0024,0.0187,0.0371,0.0001,0.0008,0.1680,0.5450
pop,96,0.0286,0.0595,0.1990,0.0379,0.0233,0.3343,0.0123,0.0112,0.0689,0.2251
pop,97,0.0196,0.0185,0.3097,0.0306,0.0104,0.1523,0.0135,0.0282,0.0892,0.3281
pop,98,0.0049,0.2465,0.0071,0.0011,0.1647,0.0055,0.0002,0.0003,0.0464,0.5233
pop,99,0.0013,0.1148,0.0053,0.0002,0.0411,0.0040,0.0001,0.0002,0.0394,0.7937
metal,0,0.0015,0.0008,0.1070,0.0990,0.0208,0.0046,0.7583,0.0002,0.0075,0.0002
metal,1,0.0000,0.0000,0.0080,0.0057,0.0028,0.0000,0.9828,0.0000,0.0007,0.0000
metal,2,0.0005,0.0008,0.2593,0.0706,0.0039,0.0153,0.6404,0.0007,0.0084,0.0001
metal,3,0.0000,0.0000,0.0019,0.0022,0.0009,0.0000,0.9949,0.0000,0.0001,0.0000
metal,4,0.0006,0.0006,0.0590,0.0515,0.0090,0.0025,0.8708,0.0001,0.0058,0.0001
metal,5,0.0000,0.0000,0.0018,0.0019,0.0010,0.0000,0.9951,0.0000,0.0001,0.0000
metal,6,0.0000,0.0000,0.0028,0.0057,0.0028,0.0000,0.9885,0.0000,0.0001,0.0000
metal,7,0.0000,0.0000,0.0094,0.0322,0.0073,0.0001,0.9505,0.0000,0.0005,0.0000
metal,8,0.0005,0.0012,0.0863,0.0793,0.0107,0.0031,0.8151,0.0001,0.0034,0.0002
metal,9,0.0008,0.0156,0.0909,0.0174,0.0612,0.0065,0.7105,0.0002,0.0896,0.0073
metal,10,0.0011,0.0162,0.5236,0.0348,0.0096,0.0688,0.1639,0.0010,0.1673,0.0137
metal,11,0.0000,0.0001,0.0537,0.0231,0.0038,0.0010,0.9163,0.0000,0.0019,0.0000
metal,12,0.0000,0.0000,0.0029,0.0014,0.0005,0.0000,0.9951,0.0000,0.0001,0.0000
metal,13,0.0000,0.0000,0.0017,0.0065,0.0017,0.0000,0.9900,0.0000,0.0001,0.0000
metal,14,0.0000,0.0003,0.0184,0.0087,0.0172,0.0001,0.9522,0.0000,0.0031,0.0000
metal,15,0.0000,0.0001,0.0197,0.0083,0.0103,0.0001,0.9596,0.0000,0.0019,0.0000
metal,16,0.0000,0.0002,0.0346,0.0660,0.0112,0.0004,0.8858,0.0000,0.0018,0.0000
metal,17,0.0000,0.0000,0.0015,0.0031,0.0015,0.0000,0.9938,0.0000,0.0001,0.0000
metal,18,0.0000,0.0000,0.0198,0.0028,0.0009,0.0001,0.9751,0.0000,0.0012,0.0000
metal,19,0.0000,0.0001,0.0063,0.0183,0.0040,0.0000,0.9707,0.0000,0.0007,0.0000
metal,20,0.0000,0.0001,0.0123,0.0065,0.0030,0.0001,0.9768,0.0000,0.0012,0.0000
metal,21,0.0000,0.0002,0.0091,0.0136,0.2050,0.0000,0.7704,0.0000,0.0016,0.0000
metal,22,0.0118,0.0068,0.2378,0.3167,0.0630,0.0503,0.2738,0.0014,0.0368,0.0017
metal,23,0.0000,0.0000,0.0119,0.0012,0.0005,0.0000,0.9859,0.0000,0.0005,0.0000
metal,24,0.0000,0.0000,0.0014,0.0043,0.0026,0.0000,0.9917,0.0000,0.0001,0.0000
metal,25,0.0000,0.0000,0.0013,0.0044,0.0023,0.0000,0.9918,0.0000,0.0001,0.0000
metal,26,0.0000,0.0001,0.0267,0.0156,0.0051,0.0001,0.9490,0.0000,0.0035,0.0000
metal,27,0.0001,0.0029,0.0233,0.0624,0.0091,0.0007,0.8983,0.0001,0.0030,0.0001
metal,28,0.0001,0.0007,0.0328,0.0148,0.0043,0.0025,0.9421,0.0000,0.0026,0.0001
metal,29,0.0000,0.0000,0.0121,0.0035,0.0010,0.0001,0.9827,0.0000,0.0005,0.0000
metal,30,0.0000,0.0012,0.0291,0.0229,0.1261,0.0002,0.7938,0.0000,0.0267,0.0000
metal,31,0.0001,0.0008,0.4077,0.0145,0.0029,0.0034,0.5348,0.0002,0.0356,0.0001
metal,32,0.0000,0.0000,0.0047,0.0112,0.0029,0.0000,0.9809,0.0000,0.0003,0.0000
metal,33,0.0000,0.0003,0.1242,0.0380,0.0050,0.0012,0.8247,0.0000,0.0064,0.0000
metal,34,0.0001,0.0007,0.1154,0.0140,0.0026,0.0011,0.8490,0.0010,0.0147,0.0014
metal,35,0.0000,0.0001,0.0062,0.0016,0.0076,0.0000,0.9833,0.0000,0.0014,0.0000
metal,36,0.0002,0.0031,0.0455,0.0330,0.0911,0.0008,0.8019,0.0000,0.0243,0.0001
metal,37,0.0005,0.0012,0.0863,0.0793,0.0107,0.0031,0.8151,0.0001,0.0034,0.0002
metal,38,0.0011,0.0026,0.1539,0.2431,0.0817,0.0050,0.4826,0.0001,0.0297,0.0002
metal,39,0.0000,0.0003,0.0606,0.0094,0.0045,0.0004,0.9173,0.0000,0.0076,0.0000
metal,40,0.0000,0.0001,0.0076,0.0176,0.0066,0.0001,0.9675,0.0000,0.0005,0.0000
metal,41,0.0000,0.0000,0.0025,0.0142,0.0037,0.0000,0.9795,0.0000,0.0001,0.0000
metal,42,0.0000,0.0000,0.0040,0.0092,0.0031,0.0000,0.9835,0.0000,0.0002,0.0000
metal,43,0.0000,0.0000,0.0030,0.0007,0.0028,0.0000,0.9926,0.0000,0.0008,0.0000
metal,44,0.0001,0.0005,0.0472,0.0741,0.0379,0.0006,0.8340,0.0000,0.0055,0.0001
metal,45,0.0251,0.0038,0.2706,0.4671,0.0178,0.0618,0.1091,0.0076,0.0366,0.0005
metal,46,0.0000,0.0001,0.0043,0.0102,0.0076,0.0000,0.9774,0.0000,0.0004,0.0000
metal,47,0.0000,0.0001,0.0056,0.0122,0.0057,0.0000,0.9760,0.0000,0.0004,0.0000
metal,48,0.0000,0.0001,0.0153,0.0049,0.0027,0.0001,0.9759,0.0000,0.0011,0.0000
metal,49,0.0000,0.0000,0.0019,0.0060,0.0038,0.0000,0.9881,0.0000,0.0001,0.0000
metal,50,0.0000,0.0002,0.0143,0.0067,0.0151,0.0001,0.9604,0.0000,0.0033,0.0000
metal,51,0.0000,0.0007,0.0541,0.0176,0.0126,0.0006,0.9066,0.0000,0.0077,0.0000
metal,52,0.0000,0.0000,0.0026,0.0029,0.0020,0.0000,0.9922,0.0000,0.0002,0.0000
metal,53,0.0000,0.0003,0.0589,0.0067,0.0097,0.0003,0.9118,0.0001,0.0120,0.0002
metal,54,0.0012,0.0010,0.1821,0.1056,0.0438,0.0123,0.6450,0.0003,0.0085,0.0002
metal,55,0.0000,0.0004,0.0361,0.0258,0.0049,0.0003,0.9282,0.0000,0.0042,0.0000
metal,56,0.0000,0.0001,0.0117,0.0080,0.0022,0.0001,0.9769,0.0000,0.0011,0.0000
metal,57,0.0000,0.0001,0.0888,0.0207,0.0027,0.0006,0.8832,0.0000,0.0037,0.0000
metal,58,0.0000,0.0001,0.0053,0.0134,0.0178,0.0000,0.9628,0.0000,0.0006,0.0000
metal,59,0.0053,0.0041,0.4222,0.2125,0.0178,0.0638,0.2540,0.0026,0.0165,0.0011
metal,60,0.0000,0.0001,0.0267,0.0156,0.0051,0.0001,0.9490,0.0000,0.0035,0.0000
metal,61,0.0000,0.0000,0.0035,0.0065,0.0017,0.0000,0.9880,0.0000,0.0002,0.0000
metal,62,0.0008,0.0674,0.0387,0.0649,0.4006,0.0020,0.3720,0.0001,0.0482,0.0052
metal,63,0.0000,0.0002,0.0395,0.0227,0.0040,0.0003,0.9298,0.0000,0.0034,0.0000
metal,64,0.0000,0.0003,0.1242,0.0380,0.0050,0.0012,0.8247,0.0000,0.0064,0.0000
metal,65,0.0000,0.0000,0.0119,0.0012,0.0005,0.0000,0.9859,0.0000,0.0005,0.0000
metal,66,0.0000,0.0001,0.0047,0.0083,0.0185,0.0000,0.9680,0.0000,0.0004,0.0000
metal,67,0.0029,0.0070,0.1627,0.1592,0.0187,0.0140,0.6156,0.0037,0.0117,0.0044
metal,68,0.0001,0.0052,0.0334,0.0394,0.2718,0.0004,0.6251,0.0000,0.0245,0.0001
metal,69,0.0000,0.0002,0.0377,0.0550,0.0094,0.0006,0.8953,0.0000,0.0018,0.0000
metal,70,0.0000,0.0003,0.0589,0.0067,0.0097,0.0003,0.9118,0.0001,0.0120,0.0002
metal,71,0.0000,0.0003,0.0160,0.0173,0.0159,0.0001,0.9487,0.0000,0.0018,0.0000
metal,72,0.0001,0.0002,0.0351,0.0501,0.0233,0.0011,0.8876,0.0000,0.0025,0.0000
metal,73,0.0017,0.0093,0.1261,0.1486,0.2525,0.0026,0.3410,0.0002,0.1175,0.0006
metal,74,0.0000,0.0001,0.0153,0.0049,0.0027,0.0001,0.9759,0.0000,0.0011,0.0000
metal,75,0.0042,0.0070,0.2938,0.0768,0.0111,0.0251,0.4968,0.0014,0.0787,0.0051
metal,76,0.0000,0.0001,0.0335,0.0094,0.0010,0.0005,0.9549,0.0000,0.0007,0.0000
metal,77,0.0001,0.0006,0.3215,0.0247,0.0057,0.0038,0.6156,0.0001,0.0278,0.0001
metal,78,0.0062,0.0404,0.0755,0.0637,0.3958,0.0082,0.3162,0.0002,0.0827,0.0112
metal,79,0.0001,0.0007,0.1154,0.0140,0.0026,0.0011,0.8490,0.0010,0.0147,0.0014
metal,80,0.0000,0.0002,0.0252,0.0500,0.0074,0.0002,0.9145,0.0000,0.0024,0.0000
metal,81,0.0000,0.0000,0.0019,0.0047,0.0031,0.0000,0.9901,0.0000,0.0002,0.0000
metal,82,0.0000,0.0000,0.0051,0.0018,0.0038,0.0000,0.9880,0.0000,0.0012,0.0000
metal,83,0.0001,0.0003,0.1196,0.0238,0.0023,0.0019,0.8455,0.0001,0.0064,0.0000
metal,84,0.0000,0.0002,0.0797,0.0271,0.0021,0.0006,0.8850,0.0000,0.0052,0.0000
metal,85,0.0000,0.0000,0.0027,0.0011,0.0008,0.0000,0.9953,0.0000,0.0002,0.0000
metal,86,0.0000,0.0002,0.0134,0.0079,0.0026,0.0004,0.9745,0.0000,0.0010,0.0000
metal,87,0.0000,0.0001,0.0346,0.0096,0.0013,0.0004,0.9521,0.0000,0.0019,0.0000
metal,88,0.0000,0.0000,0.0015,0.0107,0.0028,0.0000,0.9849,0.0000,0.0000,0.0000
metal,89,0.0005,0.0029,0.0664,0.1395,0.0664,0.0023,0.7050,0.0000,0.0168,0.0001
metal,90,0.0000,0.0000,0.0126,0.0105,0.0015,0.0002,0.9747,0.0000,0.0004,0.0000
metal,91,0.0000,0.0001,0.0127,0.0069,0.0052,0.0002,0.9736,0.0000,0.0014,0.0000
metal,92,0.0036,0.0009,0.1136,0.1226,0.0040,0.0202,0.7273,0.0051,0.0025,0.0002
metal,93,0.0002,0.0134,0.0219,0.0526,0.0461,0.0013,0.8558,0.0001,0.0082,0.0005
metal,94,0.0000,0.0001,0.0034,0.0025,0.0075,0.0000,0.9858,0.0000,0.0007,0.0000
metal,95,0.0000,0.0000,0.0025,0.0040,0.0006,0.0000,0.9928,0.0000,0.0001,0.0000
metal,96,0.0008,0.0012,0.0605,0.0493,0.0032,0.0131,0.8683,0.0002,0.0034,0.0001
metal,97,0.0000,0.0000,0.0066,0.0040,0.0015,0.0000,0.9872,0.0000,0.0006,0.0000
metal,98,0.0000,0.0000,0.0018,0.0036,0.0029,0.0000,0.9914,0.0000,0.0003,0.0000
metal,99,0.0000,0.0000,0.0037,0.0032,0.0042,0.0000,0.9883,0.0000,0.0005,0.0000
disco,0,0.0120,0.0105,0.3906,0.2290,0.0046,0.0114,0.0149,0.0028,0.3230,0.0010
disco,1,0.0016,0.0846,0.0707,0.0165,0.0126,0.0081,0.0007,0.0008,0.7789,0.0256
disco,2,0.0040,0.5180,0.0234,0.0925,0.0633,0.0063,0.0015,0.0022,0.2655,0.0233
disco,3,0.0000,0.0099,0.0012,0.0002,0.9087,0.0000,0.0004,0.0000,0.0788,0.0006
disco,4,0.0000,0.2229,0.0081,0.0014,0.4369,0.0001,0.0006,0.0000,0.3244,0.0056
disco,5,0.0079,0.0514,0.0932,0.0901,0.1555,0.0065,0.0243,0.0008,0.5615,0.0089
disco,6,0.1367,0.0240,0.1028,0.0571,0.0033,0.2541,0.0016,0.2317,0.1271,0.0615
disco,7,0.0009,0.1948,0.0298,0.0054,0.1085,0.0065,0.0026,0.0000,0.5831,0.0684
disco,8,0.0080,0.0448,0.2348,0.0218,0.0056,0.0885,0.0007,0.0194,0.3965,0.1800
disco,9,0.0073,0.0189,0.2169,0.1648,0.0063,0.0103,0.0084,0.0018,0.5633,0.0020
disco,10,0.0011,0.1244,0.0560,0.0331,0.3360,0.0028,0.0139,0.0001,0.4287,0.0040
disco,11,0.0177,0.1007,0.3122,0.1338,0.0093,0.0975,0.0041,0.0035,0.3020,0.0191
disco,12,0.0333,0.0582,0.1899,0.1179,0.0059,0.0983,0.0009,0.0025,0.4774,0.0157
disco,13,0.0055,0.1201,0.1172,0.0541,0.0211,0.0129,0.0148,0.0009,0.6323,0.0212
disco,14,0.0103,0.0187,0.4696,0.0912,0.0127,0.0898,0.0153,0.0019,0.2786,0.0120
disco,15,0.0021,0.0892,0.1516,0.0174,0.0453,0.0179,0.0239,0.0007,0.6017,0.0503
disco,16,0.0107,0.0195,0.3050,0.1529,0.0018,0.0272,0.0031,0.0073,0.4695,0.0029
disco,17,0.0076,0.1382,0.1275,0.0211,0.0076,0.0557,0.0003,0.0027,0.5030,0.1364
disco,18,0.0031,0.0219,0.2576,0.0630,0.0123,0.0221,0.0208,0.0005,0.5934,0.0052
disco,19,0.0026,0.3247,0.0294,0.0041,0.2045,0.0074,0.0009,0.0006,0.2656,0.1599
disco,20,0.0059,0.3561,0.0624,0.0730,0.1145,0.0209,0.0020,0.0003,0.3470,0.0180
disco,21,0.0035,0.0723,0.0607,0.0656,0.5163,0.0042,0.0066,0.0001,0.2666,0.0040
disco,22,0.0003,0.1499,0.0315,0.0095,0.2024,0.0009,0.0031,0.0000,0.5890,0.0133
disco,23,0.0183,0.1187,0.1507,0.3950,0.1019,0.0603,0.0267,0.0010,0.1229,0.0046
disco,24,0.0001,0.2324,0.0604,0.0088,0.0951,0.0011,0.0062,0.0000,0.5771,0.0188
disco,25,0.0008,0.0537,0.1759,0.0430,0.0111,0.0121,0.0050,0.0002,0.6933,0.0049
disco,26,0.0362,0.0594,0.1206,0.0077,0.0046,0.3764,0.0003,0.0143,0.0512,0.3293
disco,27,0.0562,0.0122,0.3702,0.2599,0.0088,0.1150,0.0076,0.0120,0.1521,0.0062
disco,28,0.0321,0.0338,0.2496,0.1290,0.0019,0.1647,0.0002,0.0152,0.3580,0.0153
disco,29,0.0061,0.0826,0.1988,0.0151,0.0186,0.0525,0.0207,0.0067,0.4879,0.1110
disco,30,0.0060,0.0464,0.3040,0.0677,0.0087,0.0742,0.0167,0.0023,0.4536,0.0204
disco,31,0.0116,0.1043,0.1579,0.1973,0.2494,0.0433,0.0307,0.0005,0.1944,0.0104
disco,32,0.0012,0.2045,0.1024,0.0362,0.1564,0.0066,0.0013,0.0002,0.4776,0.0137
disco,33,0.0010,0.3959,0.0381,0.0327,0.0734,0.0047,0.0013,0.0002,0.4441,0.0087
disco,34,0.0139,0.0184,0.4351,0.0417,0.0054,0.1109,0.0072,0.0394,0.2938,0.0342
disco,35,0.0227,0.1655,0.1594,0.1737,0.1220,0.0409,0.0066,0.0014,0.2937,0.0142
disco,36,0.0295,0.0948,0.1433,0.0199,0.0145,0.0824,0.0006,0.0081,0.4305,0.1763
disco,37,0.0006,0.1855,0.0120,0.0005,0.1492,0.0026,0.0001,0.0002,0.2654,0.3839
disco,38,0.0007,0.0713,0.0769,0.0009,0.0093,0.0121,0.0005,0.0021,0.4983,0.3279
disco,39,0.0133,0.1556,0.0441,0.0145,0.0466,0.0310,0.0000,0.0030,0.5233,0.1686
disco,40,0.0110,0.0836,0.0803,0.0118,0.0070,0.0389,0.0002,0.0147,0.3924,0.3601
disco,41,0.0096,0.0804,0.2272,0.0377,0.0628,0.0471,0.0291,0.0048,0.3734,0.1279
disco,42,0.0084,0.1390,0.0457,0.0035,0.0470,0.0276,0.0003,0.0008,0.2518,0.4759
disco,43,0.0041,0.3039,0.0253,0.0026,0.0887,0.0073,0.0002,0.0041,0.3071,0.2568
disco,44,0.0242,0.0222,0.3189,0.0278,0.0051,0.2779,0.0016,0.0123,0.2508,0.0592
disco,45,0.0001,0.1959,0.0015,0.0000,0.3272,0.0003,0.0000,0.0000,0.0581,0.4168
disco,46,0.0078,0.1029,0.0582,0.0040,0.0818,0.0252,0.0007,0.0007,0.1788,0.5398
disco,47,0.0109,0.0900,0.0964,0.0263,0.0541,0.0206,0.0041,0.0042,0.5953,0.0981
disco,48,0.0262,0.0951,0.1669,0.0322,0.0062,0.1336,0.0005,0.0103,0.3883,0.1407
disco,49,0.0256,0.2199,0.0688,0.0183,0.2138,0.0472,0.0035,0.0005,0.1763,0.2259
disco,50,0.0329,0.1067,0.1754,0.0423,0.0691,0.0693,0.0082,0.0091,0.4003,0.0867
disco,51,0.0974,0.0523,0.1487,0.0352,0.0063,0.2022,0.0002,0.0152,0.2184,0.2240
disco,52,0.0086,0.0355,0.2304,0.0264,0.0029,0.3139,0.0004,0.0036,0.3180,0.0602
disco,53,0.0095,0.2056,0.0749,0.0065,0.0325,0.0451,0.0009,0.0032,0.3563,0.2655
disco,54,0.0104,0.1196,0.0809,0.0059,0.0259,0.0447,0.0009,0.0029,0.4418,0.2671
disco,55,0.0018,0.1002,0.2020,0.0565,0.0127,0.0182,0.0054,0.0005,0.5791,0.0234
disco,56,0.0293,0.0473,0.2813,0.0534,0.0281,0.0712,0.0062,0.0068,0.4106,0.0657
disco,57,0.0346,0.0704,0.1022,0.0074,0.0070,0.0640,0.0001,0.0498,0.3492,0.3154
disco,58,0.0356,0.0778,0.1284,0.0156,0.0112,0.0826,0.0004,0.0093,0.4261,0.2130
disco,59,0.0293,0.0399,0.1973,0.0169,0.0016,0.3279,0.0000,0.0303,0.2748,0.0820
disco,60,0.0273,0.0532,0.2671,0.0269,0.0088,0.1461,0.0016,0.0143,0.3772,0.0775
disco,61,0.0133,0.1057,0.1538,0.0165,0.0333,0.0558,0.0017,0.0019,0.3689,0.2492
disco,62,0.0100,0.1033,0.1291,0.0070,0.0127,0.0800,0.0009,0.0030,0.3842,0.2698
disco,63,0.0210,0.0482,0.1864,0.0112,0.0293,0.0838,0.0141,0.0030,0.3094,0.2936
disco,64,0.0200,0.1557,0.0944,0.0205,0.0411,0.0569,0.0004,0.0034,0.4320,0.1756
disco,65,0.0056,0.0186,0.4050,0.0582,0.1022,0.0171,0.0981,0.0031,0.2762,0.0160
disco,66,0.1513,0.1046,0.0859,0.0253,0.0167,0.1646,0.0002,0.0049,0.1060,0.3405
disco,67,0.0304,0.0977,0.1949,0.0229,0.0133,0.1233,0.0016,0.0049,0.3848,0.1261
disco,68,0.0133,0.1422,0.1062,0.0120,0.0166,0.0762,0.0004,0.0022,0.3937,0.2373
disco,69,0.0128,0.1799,0.1102,0.0143,0.0543,0.0627,0.0074,0.0010,0.4254,0.1321
disco,70,0.0158,0.1036,0.0788,0.0068,0.0321,0.0399,0.0004,0.0045,0.2614,0.4567
disco,71,0.0112,0.0778,0.1288,0.0066,0.0061,0.1005,0.0002,0.0216,0.3651,0.2821
disco,72,0.0251,0.1021,0.1374,0.0228,0.0177,0.0724,0.0005,0.0043,0.5319,0.0858
disco,73,0.0224,0.1692,0.0492,0.0031,0.0151,0.0673,0.0001,0.0013,0.1584,0.5140
disco,74,0.0135,0.0315,0.3225,0.0372,0.0118,0.0802,0.0058,0.0046,0.4496,0.0431
disco,75,0.0160,0.0991,0.1966,0.0240,0.0335,0.0766,0.0055,0.0029,0.4165,0.1293
disco,76,0.0110,0.0220,0.2147,0.1730,0.0080,0.0218,0.0015,0.0009,0.5438,0.0033
disco,77,0.0258,0.0218,0.2811,0.2051,0.0092,0.0690,0.0174,0.0159,0.3475,0.0074
disco,78,0.0055,0.0305,0.1524,0.0677,0.0693,0.0115,0.0108,0.0002,0.6450,0.0072
disco,79,0.0055,0.0305,0.1524,0.0677,0.0693,0.0115,0.0108,0.0002,0.6450,0.0072
disco,80,0.0003,0.1138,0.0692,0.0151,0.0259,0.0023,0.0023,0.0001,0.7607,0.0104
disco,81,0.0011,0.0810,0.1299,0.0262,0.0689,0.0101,0.0045,0.0001,0.6677,0.0105
disco,82,0.0003,0.2675,0.0186,0.0038,0.3740,0.0010,0.0004,0.0000,0.3262,0.0083
disco,83,0.0122,0.0217,0.2349,0.1644,0.0049,0.0198,0.0046,0.0026,0.5319,0.0029
disco,84,0.0003,0.1978,0.0711,0.0262,0.1248,0.0020,0.0090,0.0000,0.5617,0.0072
disco,85,0.0003,0.1032,0.0436,0.0079,0.0230,0.0018,0.0006,0.0001,0.7909,0.0287
disco,86,0.0125,0.0298,0.1164,0.1929,0.0783,0.0108,0.0125,0.0006,0.5423,0.0039
disco,87,0.0043,0.4126,0.0736,0.1299,0.0871,0.0226,0.0092,0.0003,0.2543,0.0062
disco,88,0.0012,0.0943,0.1030,0.0611,0.1421,0.0030,0.0290,0.0001,0.5599,0.0064
disco,89,0.0002,0.1855,0.0192,0.0016,0.0592,0.0014,0.0002,0.0000,0.6908,0.0419
disco,90,0.0072,0.0149,0.2046,0.2316,0.0880,0.0094,0.0346,0.0002,0.4086,0.0009
disco,91,0.0116,0.0198,0.1603,0.1432,0.0149,0.0166,0.0059,0.0008,0.6238,0.0032
disco,92,0.0003,0.0557,0.1369,0.0267,0.0033,0.0102,0.0010,0.0001,0.7604,0.0055
disco,93,0.0048,0.0594,0.1579,0.2696,0.2134,0.0139,0.0845,0.0003,0.1943,0.0018
disco,94,0.0304,0.0238,0.2059,0.1234,0.0029,0.0716,0.0020,0.0334,0.4891,0.0174
disco,95,0.0058,0.2008,0.0446,0.0668,0.2897,0.0046,0.0059,0.0023,0.3736,0.0059
disco,96,0.0003,0.0251,0.1924,0.0263,0.0023,0.0132,0.0007,0.0001,0.7365,0.0031
disco,97,0.0710,0.0250,0.2139,0.2409,0.0064,0.1185,0.0058,0.0555,0.2553,0.0077
disco,98,0.0001,0.0497,0.0149,0.0028,0.7401,0.0001,0.0186,0.0000,0.1718,0.0019
disco,99,0.0417,0.0427,0.1714,0.1570,0.0072,0.0861,0.0023,0.0183,0.4470,0.0263
blues,0,0.1590,0.0105,0.0138,0.3898,0.0002,0.1190,0.0000,0.3000,0.0003,0.0073
blues,1,0.0372,0.0810,0.0884,0.5926,0.0173,0.1456,0.0066,0.0062,0.0167,0.0084
blues,2,0.0229,0.0056,0.1822,0.6439,0.0265,0.0537,0.0254,0.0015,0.0377,0.0006
blues,3,0.0270,0.0046,0.2074,0.5940,0.0228,0.0541,0.0706,0.0022,0.0166,0.0008
blues,4,0.0170,0.0061,0.1880,0.6355,0.0157,0.0188,0.0424,0.0006,0.0755,0.0004
blues,5,0.0049,0.0039,0.2498,0.4123,0.0512,0.0063,0.1546,0.0002,0.1165,0.0004
blues,6,0.0102,0.0092,0.0947,0.6051,0.1263,0.0323,0.1067,0.0003,0.0147,0.0005
blues,7,0.0067,0.0028,0.2063,0.5706,0.0137,0.0217,0.1644,0.0010,0.0125,0.0003
blues,8,0.0170,0.3333,0.0734,0.3562,0.0457,0.1169,0.0020,0.0014,0.0337,0.0206
blues,9,0.0454,0.0225,0.0347,0.8265,0.0016,0.0574,0.0002,0.0066,0.0019,0.0031
blues,10,0.0594,0.0326,0.2136,0.3729,0.0026,0.1452,0.0006,0.0157,0.1485,0.0088
blues,11,0.0202,0.2217,0.0855,0.4512,0.0222,0.1369,0.0025,0.0027,0.0422,0.0150
blues,12,0.0276,0.0112,0.1633,0.6145,0.0358,0.0553,0.0720,0.0023,0.0164,0.0016
blues,13,0.0557,0.0112,0.1820,0.6246,0.0074,0.0745,0.0100,0.0067,0.0265,0.0014
blues,14,0.0136,0.0705,0.0504,0.7724,0.0049,0.0719,0.0002,0.0022,0.0061,0.0076
blues,15,0.0056,0.0225,0.1011,0.5543,0.1698,0.0307,0.0994,0.0002,0.0159,0.0005
blues,16,0.0051,0.3497,0.1389,0.1757,0.0254,0.1069,0.0060,0.0007,0.1633,0.0285
blues,17,0.0604,0.0611,0.0401,0.7354,0.0042,0.0833,0.0003,0.0064,0.0039,0.0049
blues,18,0.0418,0.0013,0.2711,0.6222,0.0008,0.0241,0.0009,0.0128,0.0247,0.0004
blues,19,0.0726,0.0428,0.0880,0.4979,0.0067,0.2488,0.0031,0.0148,0.0151,0.0101
blues,20,0.0406,0.0035,0.0707,0.8389,0.0097,0.0203,0.0039,0.0017,0.0105,0.0003
blues,21,0.0516,0.0968,0.0975,0.4413,0.0156,0.2358,0.0105,0.0098,0.0200,0.0211
blues,22,0.0111,0.0095,0.1195,0.7243,0.0547,0.0206,0.0358,0.0010,0.0229,0.0005
blues,23,0.0485,0.0104,0.1334,0.6194,0.0018,0.1385,0.0004,0.0044,0.0425,0.0008
blues,24,0.1390,0.0485,0.0366,0.6587,0.0079,0.0547,0.0016,0.0364,0.0075,0.0091
blues,25,0.0992,0.0467,0.1028,0.5277,0.0078,0.0920,0.0005,0.0237,0.0966,0.0031
blues,26,0.0598,0.0298,0.0513,0.3155,0.0009,0.4673,0.0001,0.0436,0.0028,0.0289
blues,27,0.1818,0.0077,0.1310,0.3920,0.0013,0.2494,0.0002,0.0114,0.0245,0.0007
blues,28,0.1419,0.0055,0.0594,0.7263,0.0024,0.0505,0.0006,0.0047,0.0073,0.0014
blues,29,0.0345,0.0193,0.0881,0.7432,0.0338,0.0308,0.0199,0.0019,0.0279,0.0006
blues,30,0.0191,0.0079,0.1573,0.6778,0.0323,0.0410,0.0278,0.0005,0.0359,0.0003
blues,31,0.0353,0.0052,0.1418,0.6957,0.0051,0.0947,0.0017,0.0006,0.0195,0.0003
blues,32,0.0186,0.0076,0.2208,0.6150,0.0130,0.0614,0.0320,0.0018,0.0289,0.0008
blues,33,0.0596,0.0104,0.0522,0.8194,0.0100,0.0323,0.0014,0.0012,0.0126,0.0009
blues,34,0.1770,0.0103,0.0731,0.5136,0.0039,0.0493,0.0004,0.0500,0.1204,0.0019
blues,35,0.0144,0.0462,0.1627,0.4933,0.1128,0.1180,0.0270,0.0030,0.0203,0.0023
blues,36,0.0235,0.0396,0.0625,0.7717,0.0138,0.0776,0.0017,0.0013,0.0058,0.0025
blues,37,0.3359,0.0010,0.0024,0.5960,0.0000,0.0531,0.0000,0.0114,0.0000,0.0001
blues,38,0.1746,0.0030,0.0041,0.7716,0.0001,0.0400,0.0000,0.0062,0.0001,0.0003
blues,39,0.0416,0.0504,0.0508,0.7454,0.0042,0.0749,0.0011,0.0175,0.0037,0.0105
blues,40,0.2639,0.0046,0.0045,0.6648,0.0008,0.0492,0.0000,0.0116,0.0001,0.0005
blues,41,0.0625,0.0462,0.0753,0.6221,0.0060,0.1637,0.0007,0.0086,0.0075,0.0074
blues,42,0.1871,0.0024,0.0082,0.7526,0.0004,0.0401,0.0000,0.0086,0.0003,0.0004
blues,43,0.1673,0.0092,0.0151,0.7239,0.0015,0.0718,0.0001,0.0095,0.0008,0.0008
blues,44,0.0579,0.0263,0.0749,0.6123,0.0057,0.2108,0.0004,0.0032,0.0049,0.0034
blues,45,0.3321,0.0010,0.0017,0.6257,0.0001,0.0295,0.0000,0.0098,0.0000,0.0001
blues,46,0.1754,0.0349,0.0274,0.6349,0.0011,0.0984,0.0001,0.0190,0.0016,0.0072
blues,47,0.1351,0.0026,0.0096,0.7904,0.0002,0.0574,0.0000,0.0038,0.0003,0.0004
blues,48,0.0937,0.0456,0.0487,0.5548,0.0039,0.2151,0.0002,0.0279,0.0039,0.0064
blues,49,0.0301,0.0503,0.0605,0.7409,0.0184,0.0851,0.0021,0.0016,0.0067,0.0043
blues,50,0.3807,0.0035,0.0057,0.5522,0.0069,0.0371,0.0001,0.0128,0.0004,0.0006
blues,51,0.0285,0.0427,0.1236,0.6311,0.0514,0.0756,0.0088,0.0019,0.0345,0.0020
blues,52,0.1215,0.0305,0.0277,0.6781,0.0023,0.1188,0.0001,0.0094,0.0020,0.0095
blues,53,0.0912,0.0020,0.0095,0.8368,0.0001,0.0500,0.0000,0.0096,0.0002,0.0006
blues,54,0.4112,0.0012,0.0011,0.5429,0.0000,0.0376,0.0000,0.0060,0.0000,0.0001
blues,55,0.1278,0.0589,0.0327,0.6513,0.0012,0.1096,0.0000,0.0069,0.0023,0.0094
blues,56,0.2107,0.0219,0.0100,0.6283,0.0006,0.1238,0.0000,0.0035,0.0003,0.0008
blues,57,0.0742,0.0580,0.0365,0.7388,0.0020,0.0658,0.0002,0.0128,0.0025,0.0092
blues,58,0.0394,0.0243,0.0402,0.8100,0.0014,0.0649,0.0001,0.0105,0.0049,0.0042
blues,59,0.1781,0.0030,0.0089,0.7649,0.0064,0.0341,0.0001,0.0040,0.0004,0.0002
blues,60,0.0696,0.0788,0.0502,0.6596,0.0077,0.1041,0.0005,0.0079,0.0055,0.0160
blues,61,0.0196,0.1419,0.0512,0.6891,0.0200,0.0453,0.0030,0.0043,0.0129,0.0127
blues,62,0.0516,0.0419,0.0404,0.7746,0.0049,0.0563,0.0012,0.0153,0.0038,0.0100
blues,63,0.0318,0.0628,0.0529,0.7051,0.0087,0.1173,0.0007,0.0028,0.0065,0.0115
blues,64,0.1867,0.2269,0.0246,0.3023,0.0024,0.1884,0.0000,0.0082,0.0073,0.0532
blues,65,0.0449,0.1528,0.0509,0.6097,0.0126,0.0966,0.0012,0.0092,0.0098,0.0123
blues,66,0.2724,0.0017,0.0018,0.6835,0.0003,0.0295,0.0000,0.0105,0.0000,0.0002
blues,67,0.1784,0.0280,0.0605,0.5610,0.0456,0.0900,0.0038,0.0158,0.0127,0.0041
blues,68,0.1719,0.0003,0.0016,0.7764,0.0000,0.0425,0.0000,0.0073,0.0000,0.0001
blues,69,0.1052,0.0062,0.0108,0.8222,0.0010,0.0485,0.0001,0.0048,0.0006,0.0006
blues,70,0.0481,0.0954,0.0553,0.6044,0.0081,0.1242,0.0022,0.0198,0.0128,0.0297
blues,71,0.0194,0.0754,0.0600,0.7353,0.0392,0.0435,0.0058,0.0008,0.0138,0.0069
blues,72,0.1258,0.0109,0.0081,0.7836,0.0025,0.0659,0.0000,0.0026,0.0002,0.0004
blues,73,0.0574,0.0936,0.0635,0.5946,0.0640,0.0608,0.0204,0.0126,0.0177,0.0155
blues,74,0.0821,0.0394,0.1308,0.5224,0.0052,0.1332,0.0003,0.0118,0.0701,0.0046
blues,75,0.1955,0.0010,0.0033,0.7492,0.0001,0.0343,0.0000,0.0162,0.0001,0.0003
blues,76,0.0158,0.0015,0.0902,0.8585,0.0023,0.0095,0.0040,0.0006,0.0174,0.0002
blues,77,0.0489,0.0082,0.0843,0.8002,0.0063,0.0359,0.0055,0.0016,0.0078,0.0012
blues,78,0.0467,0.0149,0.0678,0.7765,0.0280,0.0351,0.0096,0.0024,0.0179,0.0011
blues,79,0.0579,0.0173,0.0792,0.7484,0.0121,0.0618,0.0034,0.0049,0.0135,0.0017
blues,80,0.0081,0.0036,0.1080,0.7904,0.0124,0.0070,0.0509,0.0002,0.0193,0.0002
blues,81,0.0629,0.0431,0.0962,0.6524,0.0211,0.0845,0.0015,0.0025,0.0305,0.0053
blues,82,0.2594,0.0047,0.0504,0.2105,0.0000,0.1037,0.0000,0.3678,0.0025,0.0009
blues,83,0.0133,0.0195,0.0895,0.7451,0.0575,0.0145,0.0208,0.0004,0.0386,0.0008
blues,84,0.0404,0.0039,0.2053,0.6317,0.0058,0.0705,0.0186,0.0047,0.0173,0.0017
blues,85,0.2706,0.0053,0.1072,0.4772,0.0066,0.1029,0.0009,0.0127,0.0150,0.0016
blues,86,0.0381,0.0054,0.1006,0.7869,0.0109,0.0304,0.0065,0.0018,0.0185,0.0010
blues,87,0.0560,0.0093,0.2141,0.5312,0.0012,0.1124,0.0008,0.0116,0.0617,0.0018
blues,88,0.0307,0.0504,0.1601,0.4052,0.0684,0.1673,0.0612,0.0082,0.0290,0.0194
blues,89,0.1098,0.0149,0.0696,0.7085,0.0237,0.0468,0.0024,0.0020,0.0200,0.0023
blues,90,0.0360,0.0174,0.1850,0.5799,0.0108,0.0571,0.0021,0.0021,0.1077,0.0020
blues,91,0.0644,0.0060,0.0804,0.7556,0.0013,0.0676,0.0003,0.0068,0.0170,0.0005
blues,92,0.1011,0.0284,0.0519,0.7123,0.0142,0.0694,0.0016,0.0036,0.0155,0.0021
blues,93,0.1258,0.0167,0.0242,0.7417,0.0067,0.0399,0.0011,0.0362,0.0025,0.0052
blues,94,0.0253,0.0072,0.1085,0.7526,0.0039,0.0828,0.0013,0.0016,0.0164,0.0005
blues,95,0.1625,0.0278,0.0927,0.5535,0.0154,0.0865,0.0022,0.0104,0.0451,0.0038
blues,96,0.0304,0.0045,0.2089,0.6380,0.0073,0.0492,0.0234,0.0039,0.0337,0.0008
blues,97,0.0063,0.0050,0.1004,0.8306,0.0110,0.0082,0.0164,0.0003,0.0215,0.0003
blues,98,0.0066,0.3284,0.0900,0.3094,0.0382,0.0259,0.0009,0.0002,0.1958,0.0046
blues,99,0.0064,0.0367,0.0876,0.7478,0.0151,0.0820,0.0103,0.0022,0.0091,0.0028
reggae,0,0.0004,0.4378,0.0049,0.0004,0.3493,0.0008,0.0002,0.0002,0.0863,0.1197
reggae,1,0.0323,0.1095,0.2253,0.0987,0.0147,0.2084,0.0058,0.0082,0.1796,0.1176
reggae,2,0.2121,0.1387,0.0742,0.1103,0.0011,0.3772,0.0001,0.0500,0.0063,0.0300
reggae,3,0.0012,0.6754,0.0098,0.0013,0.0367,0.0059,0.0000,0.0002,0.0553,0.2142
reggae,4,0.0042,0.6641,0.0169,0.0027,0.0422,0.0253,0.0000,0.0001,0.0436,0.2009
reggae,5,0.0049,0.5553,0.0336,0.0099,0.1536,0.0168,0.0010,0.0004,0.0825,0.1420
reggae,6,0.0176,0.1323,0.0781,0.0330,0.5239,0.0284,0.0070,0.0007,0.1192,0.0598
reggae,7,0.0002,0.4494,0.0037,0.0003,0.3936,0.0004,0.0002,0.0001,0.0684,0.0836
reggae,8,0.1663,0.0813,0.1139,0.0655,0.0052,0.4554,0.0006,0.0667,0.0082,0.0370
reggae,9,0.1925,0.1048,0.0458,0.2095,0.0009,0.3984,0.0000,0.0315,0.0028,0.0137
reggae,10,0.0014,0.8002,0.0039,0.0008,0.0717,0.0029,0.0001,0.0001,0.0246,0.0944
reggae,11,0.0603,0.3353,0.0468,0.4259,0.0231,0.0741,0.0029,0.0053,0.0091,0.0171
reggae,12,0.0077,0.7733,0.0219,0.0086,0.0132,0.0482,0.0000,0.0002,0.0245,0.1024
reggae,13,0.0100,0.5500,0.0367,0.0042,0.0230,0.0447,0.0001,0.0004,0.1450,0.1858
reggae,14,0.0220,0.6301,0.0579,0.0386,0.0294,0.0860,0.0005,0.0004,0.0956,0.0396
reggae,15,0.0424,0.2911,0.0602,0.0120,0.0408,0.0603,0.0001,0.0016,0.2006,0.2909
reggae,16,0.0002,0.4494,0.0037,0.0003,0.3936,0.0004,0.0002,0.0001,0.0684,0.0836
reggae,17,0.0533,0.3754,0.0557,0.2904,0.1518,0.0315,0.0100,0.0024,0.0205,0.0090
reggae,18,0.0314,0.4529,0.0883,0.0603,0.0451,0.0706,0.0030,0.0076,0.1737,0.0671
reggae,19,0.0002,0.6737,0.0098,0.0009,0.0418,0.0020,0.1976,0.0001,0.0162,0.0578
reggae,20,0.0009,0.4434,0.0586,0.0023,0.0473,0.0117,0.0018,0.0054,0.2327,0.1958
reggae,21,0.0000,0.1162,0.0003,0.0000,0.7400,0.0000,0.0000,0.0000,0.0457,0.0978
reggae,22,0.0129,0.6935,0.0202,0.0054,0.0303,0.0510,0.0000,0.0001,0.0606,0.1259
reggae,23,0.0044,0.4605,0.0394,0.0050,0.0597,0.0312,0.0004,0.0002,0.2485,0.1507
reggae,24,0.0002,0.6370,0.0127,0.0011,0.0853,0.0025,0.0003,0.0001,0.1505,0.1103
reggae,25,0.0012,0.6292,0.0325,0.0109,0.0109,0.0174,0.0002,0.0013,0.1925,0.1037
reggae,26,0.0005,0.4640,0.0044,0.0001,0.1058,0.0025,0.0000,0.0002,0.0578,0.3647
reggae,27,0.0104,0.3980,0.0424,0.0045,0.0141,0.0595,0.0000,0.0010,0.1044,0.3658
reggae,28,0.1486,0.3121,0.0377,0.2902,0.0235,0.1361,0.0002,0.0108,0.0181,0.0228
reggae,29,0.0413,0.4475,0.0745,0.0487,0.0564,0.0662,0.0019,0.0096,0.1602,0.0936
reggae,30,0.0414,0.4576,0.0537,0.1162,0.0673,0.1604,0.0005,0.0006,0.0209,0.0813
reggae,31,0.0005,0.1394,0.0041,0.0003,0.6935,0.0005,0.0001,0.0000,0.0591,0.1026
reggae,32,0.0005,0.7090,0.0062,0.0028,0.1531,0.0013,0.0007,0.0002,0.0646,0.0615
reggae,33,0.0613,0.5086,0.0595,0.0846,0.0261,0.1913,0.0002,0.0014,0.0190,0.0481
reggae,34,0.0004,0.4614,0.0068,0.0008,0.3153,0.0015,0.0003,0.0002,0.0681,0.1452
reggae,35,0.0616,0.3762,0.0734,0.1511,0.0237,0.2359,0.0002,0.0014,0.0414,0.0352
reggae,36,0.0049,0.8084,0.0309,0.0305,0.0326,0.0187,0.0003,0.0005,0.0522,0.0212
reggae,37,0.0010,0.7249,0.0145,0.0207,0.1419,0.0061,0.0013,0.0001,0.0697,0.0198
reggae,38,0.0022,0.7773,0.0280,0.0191,0.0546,0.0121,0.0002,0.0002,0.0776,0.0287
reggae,39,0.0003,0.7545,0.0064,0.0015,0.0952,0.0017,0.0000,0.0002,0.0786,0.0617
reggae,40,0.0003,0.5370,0.0128,0.0043,0.2305,0.0016,0.0016,0.0001,0.1774,0.0344
reggae,41,0.0301,0.0936,0.2510,0.2008,0.0687,0.0801,0.0295,0.0099,0.2227,0.0135
reggae,42,0.0001,0.4033,0.0053,0.0009,0.3601,0.0003,0.0004,0.0001,0.2059,0.0235
reggae,43,0.0058,0.3733,0.0556,0.0429,0.2524,0.0136,0.0140,0.0004,0.2188,0.0232
reggae,44,0.0338,0.1871,0.1146,0.3413,0.0779,0.0343,0.0061,0.0036,0.1951,0.0062
reggae,45,0.0263,0.6651,0.0301,0.1041,0.0570,0.0335,0.0009,0.0005,0.0403,0.0424
reggae,46,0.0009,0.5114,0.0266,0.0126,0.1007,0.0032,0.0049,0.0040,0.2788,0.0570
reggae,47,0.0153,0.7199,0.0202,0.0318,0.0918,0.0284,0.0003,0.0003,0.0353,0.0568
reggae,48,0.0004,0.8078,0.0095,0.0013,0.0708,0.0037,0.0000,0.0000,0.0713,0.0352
reggae,49,0.0021,0.5852,0.0427,0.0563,0.1338,0.0119,0.0028,0.0002,0.1547,0.0103
reggae,50,0.0030,0.8555,0.0072,0.0056,0.0236,0.0083,0.0000,0.0002,0.0342,0.0623
reggae,51,0.0078,0.7236,0.0282,0.0229,0.0579,0.0220,0.0001,0.0018,0.0801,0.0556
reggae,52,0.0137,0.5962,0.0238,0.1647,0.0117,0.0766,0.0001,0.0005,0.0416,0.0711
reggae,53,0.0010,0.6387,0.0189,0.0347,0.1194,0.0025,0.0041,0.0004,0.1634,0.0170
reggae,54,0.0106,0.5567,0.0478,0.1428,0.1383,0.0356,0.0023,0.0004,0.0448,0.0206
reggae,55,0.0003,0.4955,0.0217,0.0135,0.3674,0.0014,0.0069,0.0000,0.0910,0.0025
reggae,56,0.0109,0.2274,0.2181,0.1324,0.0394,0.1139,0.0201,0.0046,0.2066,0.0265
reggae,57,0.0027,0.3873,0.0890,0.0555,0.1951,0.0172,0.0155,0.0003,0.2141,0.0233
reggae,58,0.0330,0.2836,0.0703,0.1356,0.0270,0.0485,0.0009,0.0070,0.3715,0.0226
reggae,59,0.0012,0.5762,0.0226,0.0095,0.2131,0.0047,0.0015,0.0001,0.1067,0.0645
reggae,60,0.0002,0.6431,0.0045,0.0014,0.2571,0.0007,0.0003,0.0001,0.0385,0.0541
reggae,61,0.0243,0.5383,0.0738,0.1070,0.0394,0.0699,0.0006,0.0019,0.0994,0.0455
reggae,62,0.0099,0.2302,0.1794,0.2252,0.0243,0.0802,0.0021,0.0010,0.2427,0.0052
reggae,63,0.0021,0.5053,0.0146,0.0123,0.2907,0.0023,0.0007,0.0002,0.1610,0.0108
reggae,64,0.0034,0.8242,0.0140,0.0210,0.0845,0.0088,0.0014,0.0000,0.0221,0.0206
reggae,65,0.0061,0.6723,0.0374,0.0365,0.0834,0.0153,0.0010,0.0009,0.1278,0.0194
reggae,66,0.0012,0.7479,0.0210,0.0073,0.1209,0.0061,0.0002,0.0001,0.0706,0.0247
reggae,67,0.0314,0.6735,0.0478,0.0502,0.0155,0.0715,0.0000,0.0019,0.0772,0.0310
reggae,68,0.0129,0.6904,0.0419,0.0732,0.0305,0.0800,0.0004,0.0008,0.0368,0.0332
reggae,69,0.0004,0.7165,0.0081,0.0022,0.1185,0.0017,0.0003,0.0001,0.0918,0.0603
reggae,70,0.0129,0.6432,0.0562,0.0701,0.0742,0.0263,0.0013,0.0025,0.0957,0.0176
reggae,71,0.0037,0.7776,0.0282,0.0077,0.0510,0.0167,0.0001,0.0002,0.0500,0.0648
reggae,72,0.0318,0.5688,0.0541,0.1933,0.0127,0.1133,0.0008,0.0048,0.0070,0.0134
reggae,73,0.0077,0.5349,0.0387,0.0145,0.1985,0.0234,0.0003,0.0002,0.1424,0.0396
reggae,74,0.0092,0.6873,0.0505,0.0452,0.0748,0.0538,0.0005,0.0002,0.0543,0.0243
reggae,75,0.0009,0.8489,0.0062,0.0075,0.0738,0.0042,0.0000,0.0002,0.0431,0.0153
reggae,76,0.0597,0.5237,0.0337,0.0842,0.1390,0.1271,0.0002,0.0014,0.0181,0.0130
reggae,77,0.0003,0.7492,0.0041,0.0007,0.1251,0.0012,0.0001,0.0001,0.0525,0.0668
reggae,78,0.0001,0.6708,0.0025,0.0001,0.0600,0.0009,0.0000,0.0001,0.0485,0.2170
reggae,79,0.0303,0.3239,0.1470,0.1317,0.0730,0.1561,0.0073,0.0033,0.0612,0.0663
reggae,80,0.0606,0.4140,0.0613,0.0179,0.0120,0.1256,0.0003,0.0144,0.0804,0.2134
reggae,81,0.0519,0.1846,0.0261,0.0088,0.0814,0.0518,0.0000,0.0041,0.0881,0.5031
reggae,82,0.0317,0.3486,0.0741,0.0184,0.0338,0.0692,0.0009,0.0146,0.1670,0.2417
reggae,83,0.0078,0.2983,0.0317,0.0029,0.0423,0.0344,0.0000,0.0006,0.1457,0.4362
reggae,84,0.2929,0.1772,0.0470,0.0847,0.0715,0.2184,0.0002,0.0020,0.0195,0.0865
reggae,85,0.0067,0.7103,0.0502,0.0284,0.0787,0.0364,0.0007,0.0001,0.0577,0.0309
reggae,86,0.0338,0.6626,0.0526,0.1002,0.0202,0.0968,0.0008,0.0029,0.0093,0.0208
reggae,87,0.0031,0.3033,0.0353,0.0082,0.4812,0.0105,0.0040,0.0002,0.0777,0.0763
reggae,88,0.0004,0.6161,0.0060,0.0002,0.0712,0.0041,0.0000,0.0000,0.0773,0.2246
reggae,89,0.0025,0.2354,0.0130,0.0006,0.0897,0.0079,0.0002,0.0003,0.0878,0.5626
reggae,90,0.0354,0.3987,0.0306,0.0084,0.0739,0.0554,0.0001,0.0013,0.0612,0.3350
reggae,91,0.0002,0.6924,0.0147,0.0005,0.0121,0.0051,0.0001,0.0002,0.1484,0.1265
reggae,92,0.0001,0.8341,0.0034,0.0004,0.0377,0.0010,0.0000,0.0000,0.0473,0.0760
reggae,93,0.0221,0.2794,0.0957,0.0105,0.0048,0.0855,0.0000,0.0059,0.2164,0.2797
reggae,94,0.0067,0.5228,0.0398,0.0248,0.1803,0.0161,0.0008,0.0010,0.1665,0.0412
reggae,95,0.2442,0.2110,0.0455,0.0894,0.1321,0.1418,0.0005,0.0069,0.0211,0.1074
reggae,96,0.0031,0.2981,0.0359,0.0087,0.4890,0.0106,0.0047,0.0002,0.0778,0.0719
reggae,97,0.0041,0.4322,0.0165,0.0010,0.0359,0.0175,0.0000,0.0003,0.1102,0.3822
reggae,98,0.0028,0.6275,0.0280,0.0128,0.1264,0.0129,0.0013,0.0003,0.1250,0.0630
reggae,99,0.0047,0.1527,0.2259,0.1730,0.0120,0.0286,0.0092,0.0018,0.3812,0.0109
classical,0,0.1512,0.0005,0.0016,0.0312,0.0000,0.0151,0.0000,0.7999,0.0001,0.0003
classical,1,0.2253,0.0020,0.0067,0.0108,0.0000,0.1218,0.0000,0.6242,0.0003,0.0089
classical,2,0.0218,0.0014,0.1901,0.0099,0.0003,0.0352,0.0017,0.7096,0.0186,0.0115
classical,3,0.0676,0.0052,0.0705,0.0276,0.0006,0.1814,0.0002,0.6352,0.0041,0.0077
classical,4,0.1706,0.0002,0.0007,0.0131,0.0000,0.0067,0.0000,0.8085,0.0001,0.0001
classical,5,0.3240,0.0038,0.0066,0.1150,0.0002,0.0330,0.0000,0.5135,0.0024,0.0016
classical,6,0.0259,0.0000,0.0008,0.0004,0.0000,0.0073,0.0000,0.9654,0.0000,0.0000
classical,7,0.0748,0.0026,0.0146,0.0108,0.0001,0.1370,0.0000,0.7504,0.0010,0.0086
classical,8,0.0630,0.0000,0.0005,0.0008,0.0000,0.0138,0.0000,0.9217,0.0000,0.0001
classical,9,0.2204,0.0013,0.0031,0.0650,0.0000,0.0350,0.0000,0.6744,0.0000,0.0008
classical,10,0.0420,0.0139,0.2438,0.0353,0.0028,0.1710,0.0019,0.3516,0.0980,0.0396
classical,11,0.0232,0.0013,0.2889,0.0200,0.0005,0.0873,0.0027,0.5617,0.0098,0.0046
classical,12,0.1466,0.0063,0.0254,0.0926,0.0004,0.1068,0.0001,0.6102,0.0039,0.0076
classical,13,0.0397,0.0051,0.0844,0.0154,0.0008,0.1750,0.0003,0.6423,0.0073,0.0297
classical,14,0.0314,0.0003,0.0025,0.0026,0.0000,0.0222,0.0000,0.9396,0.0004,0.0010
classical,15,0.1772,0.0012,0.0047,0.0155,0.0000,0.0283,0.0000,0.7722,0.0003,0.0005
classical,16,0.0686,0.0002,0.0020,0.0022,0.0000,0.0184,0.0000,0.9084,0.0001,0.0002
classical,17,0.0964,0.0053,0.0623,0.0178,0.0003,0.2389,0.0001,0.5675,0.0029,0.0086
classical,18,0.0832,0.0053,0.0170,0.0185,0.0002,0.1719,0.0000,0.6837,0.0007,0.0195
classical,19,0.1335,0.0002,0.0005,0.0039,0.0000,0.0071,0.0000,0.8547,0.0000,0.0001
classical,20,0.1896,0.0024,0.0169,0.0198,0.0000,0.0381,0.0000,0.7325,0.0006,0.0001
classical,21,0.1549,0.0012,0.0044,0.0378,0.0001,0.0181,0.0000,0.7823,0.0005,0.0007
classical,22,0.1495,0.0015,0.0075,0.0089,0.0000,0.1156,0.0000,0.7084,0.0010,0.0077
classical,23,0.1863,0.0021,0.0028,0.0829,0.0000,0.0364,0.0000,0.6890,0.0000,0.0005
classical,24,0.0456,0.0002,0.0122,0.0022,0.0000,0.0437,0.0000,0.8947,0.0005,0.0009
classical,25,0.0691,0.0012,0.1794,0.0124,0.0001,0.1898,0.0001,0.5455,0.0006,0.0018
classical,26,0.0630,0.0006,0.0019,0.0061,0.0000,0.0138,0.0000,0.9137,0.0002,0.0006
classical,27,0.1101,0.0031,0.0981,0.0158,0.0001,0.1066,0.0001,0.6591,0.0041,0.0029
classical,28,0.0253,0.0001,0.0008,0.0006,0.0000,0.0041,0.0000,0.9690,0.0001,0.0001
classical,29,0.0404,0.0000,0.0003,0.0007,0.0000,0.0046,0.0000,0.9538,0.0000,0.0000
classical,30,0.2749,0.0032,0.0044,0.0784,0.0001,0.0364,0.0000,0.6013,0.0002,0.0011
classical,31,0.1160,0.0018,0.0350,0.0542,0.0001,0.0366,0.0001,0.7486,0.0060,0.0016
classical,32,0.0616,0.0005,0.0047,0.0021,0.0000,0.0414,0.0000,0.8864,0.0002,0.0032
classical,33,0.0434,0.0001,0.0004,0.0009,0.0000,0.0040,0.0000,0.9512,0.0000,0.0000
classical,34,0.1129,0.0008,0.0035,0.0206,0.0000,0.0371,0.0000,0.8239,0.0003,0.0009
classical,35,0.0933,0.0003,0.0013,0.0069,0.0000,0.0106,0.0000,0.8872,0.0001,0.0002
classical,36,0.0552,0.0000,0.0001,0.0010,0.0000,0.0013,0.0000,0.9424,0.0000,0.0000
classical,37,0.1987,0.0010,0.0094,0.0574,0.0001,0.0651,0.0000,0.6663,0.0006,0.0014
classical,38,0.1427,0.0009,0.0030,0.0197,0.0000,0.0151,0.0000,0.8177,0.0001,0.0007
classical,39,0.0674,0.0001,0.0012,0.0014,0.0000,0.0111,0.0000,0.9188,0.0001,0.0000
classical,40,0.0734,0.0005,0.0024,0.0100,0.0000,0.0178,0.0000,0.8953,0.0001,0.0005
classical,41,0.1872,0.0015,0.0030,0.0270,0.0001,0.0244,0.0000,0.7555,0.0002,0.0011
classical,42,0.1069,0.0015,0.0081,0.0116,0.0001,0.0473,0.0000,0.8222,0.0007,0.0017
classical,43,0.1425,0.0027,0.0127,0.0191,0.0001,0.0764,0.0000,0.7433,0.0008,0.0024
classical,44,0.1039,0.0007,0.0045,0.0105,0.0000,0.0209,0.0000,0.8581,0.0004,0.0009
classical,45,0.0709,0.0001,0.0004,0.0032,0.0000,0.0048,0.0000,0.9205,0.0001,0.0001
classical,46,0.1401,0.0009,0.0013,0.0121,0.0000,0.0155,0.0000,0.8298,0.0000,0.0002
classical,47,0.0951,0.0006,0.0049,0.0075,0.0000,0.0705,0.0000,0.8189,0.0001,0.0023
classical,48,0.1694,0.0011,0.0037,0.0080,0.0000,0.0364,0.0000,0.7805,0.0002,0.0009
classical,49,0.1135,0.0022,0.0111,0.0138,0.0000,0.0754,0.0000,0.7807,0.0002,0.0031
classical,50,0.0471,0.0005,0.0015,0.0042,0.0000,0.0084,0.0000,0.9375,0.0003,0.0004
classical,51,0.3067,0.0022,0.0101,0.1263,0.0004,0.0380,0.0000,0.5134,0.0008,0.0021
classical,52,0.0938,0.0006,0.0046,0.0202,0.0000,0.0318,0.0000,0.8484,0.0001,0.0006
classical,53,0.0953,0.0004,0.0015,0.0050,0.0000,0.0112,0.0000,0.8862,0.0001,0.0003
classical,54,0.1708,0.0035,0.0088,0.0665,0.0001,0.0559,0.0000,0.6919,0.0002,0.0023
classical,55,0.1059,0.0002,0.0013,0.0046,0.0000,0.0149,0.0000,0.8729,0.0000,0.0001
classical,56,0.1666,0.0007,0.0014,0.0093,0.0000,0.0225,0.0000,0.7991,0.0000,0.0004
classical,57,0.0563,0.0002,0.0018,0.0044,0.0000,0.0156,0.0000,0.9216,0.0001,0.0001
classical,58,0.2174,0.0004,0.0007,0.0040,0.0000,0.0194,0.0000,0.7579,0.0000,0.0002
classical,59,0.1417,0.0010,0.0056,0.0101,0.0000,0.0736,0.0000,0.7655,0.0005,0.0020
classical,60,0.0601,0.0022,0.0194,0.0158,0.0002,0.0873,0.0000,0.8059,0.0010,0.0081
classical,61,0.1512,0.0013,0.0055,0.0126,0.0000,0.0265,0.0000,0.8014,0.0004,0.0012
classical,62,0.1085,0.0004,0.0034,0.0088,0.0000,0.0222,0.0000,0.8560,0.0003,0.0003
classical,63,0.2012,0.0016,0.0028,0.0212,0.0000,0.0230,0.0000,0.7495,0.0002,0.0005
classical,64,0.0913,0.0004,0.0021,0.0069,0.0000,0.0253,0.0000,0.8736,0.0001,0.0004
classical,65,0.1320,0.0052,0.0070,0.0965,0.0001,0.0318,0.0000,0.7252,0.0002,0.0019
classical,66,0.0709,0.0006,0.0032,0.0076,0.0000,0.0225,0.0000,0.8946,0.0001,0.0005
classical,67,0.1422,0.0005,0.0018,0.0077,0.0000,0.0153,0.0000,0.8320,0.0001,0.0003
classical,68,0.0391,0.0043,0.0352,0.0159,0.0008,0.1169,0.0003,0.7559,0.0054,0.0262
classical,69,0.0640,0.0004,0.0026,0.0066,0.0000,0.0147,0.0000,0.9112,0.0001,0.0004
classical,70,0.1506,0.0008,0.0052,0.0144,0.0000,0.0380,0.0000,0.7900,0.0005,0.0005
classical,71,0.1665,0.0015,0.0099,0.0116,0.0000,0.0967,0.0000,0.7117,0.0002,0.0020
classical,72,0.1242,0.0011,0.0137,0.0184,0.0000,0.0617,0.0000,0.7788,0.0015,0.0006
classical,73,0.0851,0.0029,0.0181,0.0253,0.0002,0.1631,0.0000,0.6824,0.0008,0.0221
classical,74,0.0414,0.0001,0.0046,0.0009,0.0000,0.0215,0.0000,0.9311,0.0001,0.0002
classical,75,0.1002,0.0009,0.0038,0.0124,0.0000,0.0210,0.0000,0.8611,0.0002,0.0005
classical,76,0.0285,0.0000,0.0018,0.0009,0.0000,0.0081,0.0000,0.9605,0.0001,0.0000
classical,77,0.2349,0.0030,0.0023,0.0683,0.0000,0.0473,0.0000,0.6426,0.0000,0.0015
classical,78,0.1038,0.0036,0.0192,0.0225,0.0001,0.1287,0.0000,0.7099,0.0011,0.0110
classical,79,0.1558,0.0017,0.0030,0.0344,0.0000,0.0316,0.0000,0.7728,0.0001,0.0004
classical,80,0.2827,0.0019,0.0029,0.0717,0.0003,0.0255,0.0000,0.6138,0.0003,0.0009
classical,81,0.2092,0.0063,0.0437,0.0788,0.0002,0.1382,0.0000,0.5156,0.0058,0.0023
classical,82,0.0464,0.0001,0.0008,0.0022,0.0000,0.0081,0.0000,0.9421,0.0000,0.0002
classical,83,0.1649,0.0031,0.0106,0.0561,0.0003,0.0830,0.0000,0.6772,0.0003,0.0047
classical,84,0.1723,0.0051,0.0233,0.1112,0.0002,0.0705,0.0000,0.6119,0.0021,0.0034
classical,85,0.1365,0.0033,0.0445,0.0548,0.0002,0.1573,0.0001,0.5965,0.0021,0.0048
classical,86,0.2483,0.0013,0.0013,0.0495,0.0001,0.0196,0.0000,0.6793,0.0001,0.0006
classical,87,0.1400,0.0006,0.0016,0.0128,0.0000,0.0289,0.0000,0.8154,0.0001,0.0006
classical,88,0.1486,0.0017,0.0167,0.0115,0.0000,0.0545,0.0000,0.7659,0.0004,0.0005
classical,89,0.0634,0.0002,0.0037,0.0024,0.0000,0.0177,0.0000,0.9123,0.0001,0.0002
classical,90,0.0720,0.0023,0.0257,0.1085,0.0001,0.0225,0.0000,0.7654,0.0031,0.0006
classical,91,0.0922,0.0039,0.0259,0.0217,0.0004,0.0789,0.0002,0.7652,0.0043,0.0075
classical,92,0.2925,0.0011,0.0016,0.0558,0.0000,0.0272,0.0000,0.6213,0.0000,0.0004
classical,93,0.1033,0.0008,0.0019,0.0112,0.0000,0.0395,0.0000,0.8410,0.0001,0.0023
classical,94,0.1345,0.0094,0.0734,0.0389,0.0006,0.2599,0.0002,0.4285,0.0241,0.0306
classical,95,0.0759,0.0004,0.0007,0.0107,0.0000,0.0090,0.0000,0.9031,0.0000,0.0002
classical,96,0.1015,0.0019,0.0840,0.0137,0.0001,0.2136,0.0001,0.5760,0.0050,0.0040
classical,97,0.0543,0.0014,0.0308,0.0110,0.0001,0.0550,0.0001,0.8419,0.0015,0.0039
classical,98,0.0981,0.0019,0.0077,0.0080,0.0001,0.0362,0.0000,0.8440,0.0007,0.0032
classical,99,0.0704,0.0153,0.1680,0.0453,0.0013,0.3495,0.0002,0.2963,0.0222,0.0315
rock,0,0.0297,0.0327,0.1760,0.4333,0.0255,0.2495,0.0212,0.0061,0.0203,0.0058
rock,1,0.0037,0.0038,0.6948,0.0394,0.0044,0.0780,0.1092,0.0342,0.0276,0.0051
rock,2,0.0479,0.0083,0.4161,0.0240,0.0014,0.2162,0.0009,0.1546,0.0974,0.0331
rock,3,0.0323,0.0210,0.4118,0.0792,0.0183,0.1117,0.0209,0.0274,0.2431,0.0342
rock,4,0.0100,0.0173,0.3862,0.2689,0.0177,0.2234,0.0385,0.0027,0.0273,0.0080
rock,5,0.0139,0.0293,0.3549,0.1193,0.0095,0.3341,0.0224,0.0032,0.1014,0.0120
rock,6,0.0314,0.0064,0.3137,0.1564,0.0010,0.4155,0.0009,0.0567,0.0078,0.0101
rock,7,0.0001,0.1971,0.0481,0.0284,0.5567,0.0012,0.1014,0.0000,0.0600,0.0070
rock,8,0.0390,0.0920,0.0790,0.6216,0.0147,0.1332,0.0007,0.0022,0.0116,0.0060
rock,9,0.0257,0.0118,0.3370,0.1950,0.0046,0.3595,0.0070,0.0246,0.0173,0.0176
rock,10,0.0165,0.0962,0.2143,0.3904,0.0468,0.1831,0.0128,0.0033,0.0322,0.0044
rock,11,0.0013,0.0010,0.7780,0.0439,0.0025,0.0393,0.1057,0.0029,0.0244,0.0010
rock,12,0.0001,0.0006,0.3215,0.0247,0.0057,0.0038,0.6156,0.0001,0.0278,0.0001
rock,13,0.1058,0.2337,0.0951,0.2776,0.0498,0.1325,0.0024,0.0152,0.0471,0.0408
rock,14,0.0020,0.0086,0.6380,0.0508,0.0035,0.0719,0.0065,0.0026,0.2091,0.0070
rock,15,0.0204,0.0523,0.2374,0.3700,0.2011,0.0608,0.0116,0.0117,0.0305,0.0042
rock,16,0.0370,0.0021,0.4340,0.3759,0.0047,0.0748,0.0144,0.0405,0.0148,0.0019
rock,17,0.0437,0.0050,0.4031,0.3177,0.0035,0.1561,0.0042,0.0435,0.0209,0.0024
rock,18,0.0035,0.4100,0.0669,0.1300,0.2973,0.0158,0.0356,0.0002,0.0336,0.0070
rock,19,0.0130,0.0125,0.5530,0.0554,0.0044,0.2186,0.0061,0.0055,0.1089,0.0224
rock,20,0.0314,0.0142,0.2394,0.3815,0.0009,0.2549,0.0011,0.0630,0.0077,0.0060
rock,21,0.0497,0.0357,0.2871,0.1121,0.0061,0.3490,0.0034,0.0074,0.1309,0.0186
rock,22,0.0351,0.0491,0.2185,0.0484,0.0035,0.4575,0.0007,0.0069,0.0431,0.1372
rock,23,0.0358,0.0137,0.1626,0.5629,0.0797,0.0457,0.0548,0.0012,0.0418,0.0018
rock,24,0.0081,0.0227,0.3799,0.1565,0.0043,0.0844,0.0052,0.0026,0.3325,0.0040
rock,25,0.0704,0.0024,0.3856,0.2810,0.0011,0.2130,0.0012,0.0334,0.0110,0.0010
rock,26,0.0140,0.0057,0.5679,0.1687,0.0030,0.0881,0.0803,0.0068,0.0641,0.0014
rock,27,0.0259,0.0345,0.3566,0.1597,0.0124,0.1828,0.0089,0.0021,0.2047,0.0123
rock,28,0.0330,0.0260,0.2457,0.0174,0.0011,0.5679,0.0000,0.0094,0.0497,0.0498
rock,29,0.0381,0.0352,0.1945,0.0174,0.0032,0.3620,0.0001,0.0107,0.0718,0.2670
rock,30,0.0841,0.0458,0.1857,0.2970,0.0099,0.3280,0.0011,0.0030,0.0412,0.0041
rock,31,0.0972,0.0147,0.1711,0.5428,0.0344,0.0963,0.0046,0.0028,0.0351,0.0009
rock,32,0.0089,0.0048,0.5260,0.0463,0.0016,0.2801,0.0028,0.0510,0.0696,0.0088
rock,33,0.0254,0.0201,0.3393,0.0259,0.0027,0.2782,0.0003,0.0483,0.1739,0.0859
rock,34,0.0326,0.0046,0.4745,0.1329,0.0042,0.3043,0.0067,0.0128,0.0231,0.0042
rock,35,0.0161,0.0752,0.2653,0.2791,0.0912,0.0687,0.0130,0.0005,0.1863,0.0045
rock,36,0.2084,0.1333,0.0892,0.1259,0.0058,0.3670,0.0001,0.0076,0.0132,0.0495
rock,37,0.0100,0.0163,0.3531,0.0097,0.0129,0.0968,0.0114,0.0529,0.1202,0.3168
rock,38,0.0192,0.0152,0.2466,0.4839,0.0582,0.0296,0.1049,0.0043,0.0354,0.0028
rock,39,0.0095,0.0318,0.2237,0.1202,0.0874,0.0136,0.0213,0.0005,0.4875,0.0045
rock,40,0.0642,0.0384,0.1582,0.0637,0.0014,0.5859,0.0001,0.0174,0.0207,0.0499
rock,41,0.3623,0.0759,0.0526,0.0385,0.0029,0.3238,0.0000,0.0019,0.0186,0.1235
rock,42,0.0289,0.0163,0.2749,0.1553,0.0030,0.4664,0.0018,0.0121,0.0331,0.0082
rock,43,0.0220,0.0333,0.3420,0.0502,0.0027,0.4102,0.0007,0.0051,0.1064,0.0274
rock,44,0.0552,0.0192,0.2620,0.2651,0.0039,0.3578,0.0014,0.0110,0.0184,0.0061
rock,45,0.0058,0.0055,0.5171,0.0668,0.0028,0.2811,0.0069,0.0022,0.1071,0.0047
rock,46,0.0229,0.0109,0.6079,0.0619,0.0062,0.1366,0.0270,0.0311,0.0716,0.0238
rock,47,0.0667,0.0220,0.3348,0.0716,0.1087,0.0373,0.1751,0.0085,0.1265,0.0489
rock,48,0.0862,0.0499,0.2413,0.0259,0.0101,0.1937,0.0048,0.0293,0.1520,0.2069
rock,49,0.0235,0.1835,0.2599,0.0341,0.0168,0.1270,0.0031,0.0618,0.1342,0.1561
rock,50,0.0094,0.0093,0.5495,0.0411,0.0020,0.3240,0.0032,0.0127,0.0312,0.0176
rock,51,0.0001,0.0007,0.6477,0.0242,0.0023,0.0123,0.2842,0.0011,0.0270,0.0003
rock,52,0.0034,0.0011,0.7604,0.0679,0.0018,0.1017,0.0187,0.0036,0.0404,0.0011
rock,53,0.0028,0.0014,0.7107,0.0509,0.0019,0.1159,0.0677,0.0300,0.0153,0.0032
rock,54,0.0730,0.0269,0.2192,0.0382,0.0019,0.3940,0.0001,0.1223,0.0413,0.0832
rock,55,0.0357,0.1350,0.1816,0.0754,0.0095,0.2392,0.0037,0.0336,0.1847,0.1017
rock,56,0.0308,0.0396,0.2340,0.1487,0.0097,0.4383,0.0161,0.0053,0.0613,0.0162
rock,57,0.0066,0.0063,0.5237,0.1209,0.0034,0.2357,0.0087,0.0016,0.0904,0.0028
rock,58,0.0305,0.1051,0.1180,0.0083,0.0095,0.1464,0.0003,0.0052,0.1101,0.4665
rock,59,0.0304,0.0026,0.5276,0.0205,0.0009,0.2461,0.0067,0.1535,0.0069,0.0048
rock,60,0.0009,0.0008,0.7033,0.0612,0.0022,0.0369,0.1740,0.0014,0.0190,0.0003
rock,61,0.0143,0.0330,0.4255,0.2394,0.0524,0.0673,0.1461,0.0021,0.0195,0.0005
rock,62,0.0163,0.0090,0.6189,0.0979,0.0032,0.1616,0.0147,0.0056,0.0693,0.0034
rock,63,0.0058,0.0059,0.6354,0.0684,0.0035,0.1641,0.0470,0.0220,0.0365,0.0114
rock,64,0.0413,0.0136,0.3232,0.1264,0.0017,0.4617,0.0014,0.0034,0.0229,0.0044
rock,65,0.0692,0.0217,0.4935,0.0914,0.0195,0.1208,0.0200,0.0407,0.0965,0.0266
rock,66,0.0140,0.0432,0.3487,0.0203,0.0034,0.2355,0.0002,0.0484,0.2091,0.0772
rock,67,0.0460,0.0251,0.3931,0.0374,0.0042,0.2762,0.0015,0.0635,0.0916,0.0615
rock,68,0.0613,0.0773,0.2072,0.1255,0.1786,0.0553,0.0094,0.0062,0.2505,0.0288
rock,69,0.0104,0.0030,0.4031,0.4327,0.0079,0.0640,0.0357,0.0006,0.0421,0.0003
rock,70,0.0001,0.0003,0.6220,0.0096,0.0009,0.0118,0.3405,0.0006,0.0141,0.0003
rock,71,0.0216,0.0047,0.3832,0.1243,0.0023,0.4177,0.0017,0.0035,0.0388,0.0022
rock,72,0.0092,0.0026,0.6095,0.1032,0.0033,0.2168,0.0207,0.0071,0.0231,0.0044
rock,73,0.0306,0.0302,0.3980,0.1363,0.0073,0.1393,0.0052,0.0093,0.2246,0.0191
rock,74,0.0062,0.0322,0.4650,0.0277,0.0218,0.0832,0.0289,0.0020,0.2907,0.0423
rock,75,0.0202,0.0385,0.4035,0.0473,0.0142,0.1065,0.0369,0.0068,0.2513,0.0747
rock,76,0.0267,0.0647,0.2930,0.0407,0.0058,0.1618,0.0006,0.0142,0.2714,0.1212
rock,77,0.0239,0.0382,0.3435,0.0224,0.0037,0.2395,0.0003,0.0087,0.2293,0.0906
rock,78,0.0062,0.0107,0.5038,0.1066,0.0073,0.1415,0.0946,0.0023,0.1214,0.0057
rock,79,0.0018,0.0008,0.7212,0.0845,0.0017,0.0324,0.1298,0.0042,0.0231,0.0005
rock,80,0.1723,0.0841,0.1375,0.1639,0.0114,0.3468,0.0001,0.0026,0.0515,0.0298
rock,81,0.0016,0.0012,0.6679,0.1965,0.0027,0.0255,0.0739,0.0008,0.0297,0.0003
rock,82,0.0019,0.0053,0.5257,0.1189,0.0175,0.0268,0.1649,0.0005,0.1371,0.0014
rock,83,0.0001,0.0015,0.5969,0.0553,0.0063,0.0051,0.2935,0.0001,0.0411,0.0002
rock,84,0.0014,0.0013,0.5635,0.1239,0.0045,0.0202,0.2667,0.0009,0.0174,0.0002
rock,85,0.0071,0.0906,0.0477,0.0011,0.0102,0.0347,0.0001,0.0055,0.1833,0.6197
rock,86,0.0032,0.0092,0.6634,0.1254,0.0237,0.0515,0.0601,0.0008,0.0607,0.0020
rock,87,0.0397,0.0375,0.2874,0.0395,0.0025,0.4555,0.0003,0.0228,0.0815,0.0332
rock,88,0.1209,0.0185,0.3320,0.0557,0.0039,0.3448,0.0018,0.0554,0.0451,0.0220
rock,89,0.0032,0.0010,0.7637,0.0831,0.0009,0.0989,0.0073,0.0064,0.0349,0.0006
rock,90,0.0018,0.0031,0.7323,0.0721,0.0021,0.0419,0.0141,0.0025,0.1287,0.0012
rock,91,0.0163,0.0149,0.6147,0.0292,0.0070,0.1818,0.0157,0.0118,0.0735,0.0350
rock,92,0.0177,0.0308,0.4798,0.0689,0.0070,0.1485,0.0078,0.0064,0.1998,0.0333
rock,93,0.0120,0.0021,0.6553,0.1533,0.0016,0.1251,0.0069,0.0220,0.0208,0.0008
rock,94,0.0243,0.0690,0.2687,0.0621,0.0040,0.4194,0.0011,0.0183,0.0689,0.0641
rock,95,0.0168,0.0812,0.2696,0.0265,0.0108,0.1507,0.0074,0.0060,0.3435,0.0876
rock,96,0.0127,0.0043,0.5737,0.1104,0.0024,0.1904,0.0078,0.0235,0.0728,0.0019
rock,97,0.0024,0.0043,0.6461,0.0938,0.0076,0.0557,0.0650,0.0016,0.1213,0.0021
rock,98,0.0757,0.0106,0.4493,0.0898,0.0034,0.2801,0.0073,0.0470,0.0231,0.0139
rock,99,0.0082,0.0027,0.7114,0.0961,0.0039,0.0947,0.0217,0.0164,0.0428,0.0020
hiphop,0,0.0156,0.0524,0.1868,0.1466,0.4574,0.0335,0.0470,0.0011,0.0501,0.0095
hiphop,1,0.0001,0.0598,0.0023,0.0003,0.8796,0.0001,0.0019,0.0000,0.0427,0.0131
hiphop,2,0.0001,0.1229,0.0025,0.0001,0.6194,0.0001,0.0002,0.0002,0.0937,0.1608
hiphop,3,0.0069,0.0122,0.5183,0.1491,0.0794,0.0779,0.0594,0.0010,0.0946,0.0013
hiphop,4,0.0000,0.0558,0.0161,0.0045,0.7827,0.0001,0.0378,0.0000,0.1018,0.0012
hiphop,5,0.0004,0.1637,0.0041,0.0002,0.5167,0.0005,0.0001,0.0001,0.0735,0.2409
hiphop,6,0.0017,0.0045,0.0982,0.0986,0.4038,0.0033,0.3445,0.0001,0.0447,0.0006
hiphop,7,0.0011,0.2533,0.0224,0.0060,0.5962,0.0028,0.0013,0.0000,0.1086,0.0083
hiphop,8,0.0190,0.0668,0.0881,0.0641,0.5726,0.0137,0.0449,0.0020,0.0869,0.0419
hiphop,9,0.0352,0.2405,0.0563,0.0268,0.2017,0.0684,0.0003,0.0015,0.2116,0.1576
hiphop,10,0.0023,0.0461,0.0595,0.0330,0.7048,0.0036,0.0335,0.0001,0.1034,0.0136
hiphop,11,0.0000,0.0275,0.0063,0.0012,0.8471,0.0000,0.0099,0.0000,0.1068,0.0011
hiphop,12,0.0000,0.0278,0.0036,0.0005,0.9396,0.0000,0.0032,0.0000,0.0215,0.0037
hiphop,13,0.0000,0.0447,0.0036,0.0002,0.8534,0.0000,0.0047,0.0000,0.0899,0.0035
hiphop,14,0.0069,0.0486,0.1609,0.1180,0.2309,0.0130,0.0527,0.0006,0.3644,0.0040
hiphop,15,0.0033,0.1038,0.0508,0.0077,0.5090,0.0060,0.0098,0.0005,0.1480,0.1610
hiphop,16,0.0002,0.1836,0.0044,0.0001,0.3662,0.0007,0.0000,0.0000,0.0867,0.3582
hiphop,17,0.0042,0.0587,0.0421,0.0102,0.7711,0.0059,0.0319,0.0003,0.0420,0.0336
hiphop,18,0.0000,0.0435,0.0039,0.0005,0.8601,0.0000,0.0022,0.0000,0.0877,0.0020
hiphop,19,0.0002,0.1428,0.0019,0.0001,0.5834,0.0003,0.0000,0.0000,0.0528,0.2184
hiphop,20,0.0012,0.0844,0.0063,0.0009,0.8506,0.0011,0.0002,0.0000,0.0272,0.0282
hiphop,21,0.0046,0.0571,0.0134,0.0067,0.8440,0.0019,0.0030,0.0006,0.0408,0.0279
hiphop,22,0.0596,0.1998,0.0859,0.2402,0.2390,0.0935,0.0063,0.0045,0.0553,0.0158
hiphop,23,0.0018,0.0234,0.0511,0.0461,0.5560,0.0016,0.1478,0.0002,0.1700,0.0019
hiphop,24,0.0131,0.0216,0.0488,0.1872,0.6474,0.0050,0.0195,0.0005,0.0565,0.0005
hiphop,25,0.0033,0.0067,0.0439,0.1789,0.5517,0.0023,0.1788,0.0001,0.0341,0.0003
hiphop,26,0.0004,0.0189,0.0245,0.0227,0.7854,0.0004,0.0588,0.0000,0.0882,0.0006
hiphop,27,0.0007,0.0449,0.0033,0.0003,0.8597,0.0005,0.0001,0.0000,0.0276,0.0627
hiphop,28,0.3143,0.1610,0.0583,0.1095,0.1440,0.0769,0.0021,0.0318,0.0292,0.0730
hiphop,29,0.0008,0.1591,0.0316,0.0062,0.6497,0.0036,0.0043,0.0000,0.1224,0.0223
hiphop,30,0.0008,0.0418,0.0181,0.0091,0.8568,0.0010,0.0141,0.0000,0.0558,0.0025
hiphop,31,0.0002,0.0782,0.0041,0.0005,0.8310,0.0002,0.0009,0.0000,0.0473,0.0376
hiphop,32,0.0001,0.0027,0.0384,0.0366,0.2835,0.0003,0.6010,0.0000,0.0373,0.0001
hiphop,33,0.0068,0.2342,0.0484,0.2157,0.3593,0.0101,0.0378,0.0005,0.0801,0.0070
hiphop,34,0.0020,0.0645,0.0187,0.0039,0.8142,0.0022,0.0015,0.0001,0.0619,0.0310
hiphop,35,0.0002,0.0253,0.0075,0.0047,0.9184,0.0002,0.0054,0.0000,0.0372,0.0010
hiphop,36,0.0050,0.1867,0.0177,0.0046,0.5544,0.0027,0.0055,0.0032,0.0839,0.1363
hiphop,37,0.0012,0.0976,0.0323,0.0177,0.7690,0.0031,0.0268,0.0001,0.0472,0.0049
hiphop,38,0.0001,0.1674,0.0019,0.0000,0.5260,0.0003,0.0000,0.0000,0.0614,0.2429
hiphop,39,0.0023,0.1258,0.0077,0.0014,0.7460,0.0012,0.0004,0.0000,0.0478,0.0674
hiphop,40,0.0019,0.0102,0.0348,0.0827,0.7151,0.0010,0.0875,0.0001,0.0664,0.0002
hiphop,41,0.0001,0.0264,0.0046,0.0007,0.9150,0.0001,0.0067,0.0000,0.0423,0.0041
hiphop,42,0.0096,0.0203,0.0255,0.0872,0.7770,0.0018,0.0292,0.0001,0.0489,0.0003
hiphop,43,0.0007,0.0130,0.0268,0.0434,0.7515,0.0006,0.1002,0.0000,0.0635,0.0003
hiphop,44,0.0001,0.1076,0.0047,0.0002,0.7335,0.0003,0.0005,0.0000,0.0672,0.0859
hiphop,45,0.0001,0.2255,0.0039,0.0002,0.6274,0.0002,0.0001,0.0000,0.0798,0.0627
hiphop,46,0.0838,0.1079,0.0317,0.0236,0.4981,0.0144,0.0023,0.0478,0.0739,0.1165
hiphop,47,0.0334,0.2680,0.0179,0.0183,0.5331,0.0128,0.0009,0.0006,0.0269,0.0880
hiphop,48,0.0003,0.1489,0.0053,0.0002,0.6928,0.0007,0.0000,0.0000,0.0719,0.0799
hiphop,49,0.0000,0.0298,0.0081,0.0018,0.7441,0.0000,0.0159,0.0000,0.1986,0.0017
hiphop,50,0.0004,0.0325,0.0109,0.0227,0.8569,0.0003,0.0407,0.0000,0.0353,0.0002
hiphop,51,0.0020,0.0192,0.0261,0.0663,0.7881,0.0014,0.0358,0.0000,0.0610,0.0003
hiphop,52,0.0085,0.1509,0.0444,0.0764,0.4837,0.0078,0.0187,0.0010,0.2000,0.0085
hiphop,53,0.0002,0.3307,0.0031,0.0000,0.1946,0.0014,0.0000,0.0000,0.0757,0.3943
hiphop,54,0.0029,0.2316,0.0338,0.0088,0.5536,0.0108,0.0027,0.0000,0.0832,0.0726
hiphop,55,0.0006,0.0517,0.0027,0.0006,0.8611,0.0002,0.0003,0.0000,0.0309,0.0519
hiphop,56,0.0019,0.1923,0.0483,0.0229,0.5520,0.0072,0.0506,0.0000,0.0706,0.0541
hiphop,57,0.0002,0.1177,0.0093,0.0017,0.8113,0.0004,0.0050,0.0000,0.0486,0.0058
hiphop,58,0.0006,0.0218,0.0132,0.0102,0.9064,0.0006,0.0141,0.0000,0.0315,0.0016
hiphop,59,0.0000,0.1831,0.0013,0.0000,0.6639,0.0001,0.0001,0.0000,0.0337,0.1179
hiphop,60,0.0135,0.1002,0.0439,0.0339,0.7257,0.0177,0.0027,0.0003,0.0518,0.0101
hiphop,61,0.0021,0.0375,0.0070,0.0017,0.9135,0.0014,0.0004,0.0000,0.0248,0.0115
hiphop,62,0.0049,0.2606,0.0349,0.0062,0.1884,0.0154,0.0003,0.0006,0.2200,0.2687
hiphop,63,0.0004,0.2720,0.0138,0.0014,0.4409,0.0017,0.0008,0.0001,0.1426,0.1262
hiphop,64,0.0008,0.0082,0.0828,0.0751,0.6825,0.0017,0.0700,0.0000,0.0788,0.0001
hiphop,65,0.0002,0.0338,0.0265,0.0145,0.6902,0.0004,0.0984,0.0000,0.1350,0.0010
hiphop,66,0.0000,0.2938,0.0007,0.0000,0.6113,0.0000,0.0000,0.0000,0.0518,0.0424
hiphop,67,0.0003,0.1489,0.0053,0.0002,0.6928,0.0007,0.0000,0.0000,0.0719,0.0799
hiphop,68,0.0069,0.1330,0.0210,0.0127,0.7252,0.0061,0.0020,0.0001,0.0310,0.0620
hiphop,69,0.0009,0.5183,0.0177,0.0019,0.2093,0.0070,0.0004,0.0002,0.1442,0.1001
hiphop,70,0.0022,0.2357,0.0206,0.0143,0.6475,0.0021,0.0032,0.0003,0.0618,0.0122
hiphop,71,0.0008,0.0160,0.0391,0.0628,0.6850,0.0011,0.1144,0.0000,0.0805,0.0002
hiphop,72,0.0004,0.0705,0.0094,0.0012,0.8230,0.0004,0.0021,0.0000,0.0690,0.0240
hiphop,73,0.0067,0.1779,0.0185,0.0051,0.5701,0.0173,0.0003,0.0000,0.0237,0.1803
hiphop,74,0.0003,0.2166,0.0090,0.0006,0.6307,0.0027,0.0004,0.0000,0.0445,0.0952
hiphop,75,0.0015,0.0888,0.0142,0.0056,0.7665,0.0023,0.0030,0.0000,0.0309,0.0873
hiphop,76,0.0008,0.1452,0.0325,0.0109,0.7096,0.0028,0.0277,0.0000,0.0623,0.0083
hiphop,77,0.0000,0.0726,0.0039,0.0002,0.8599,0.0001,0.0012,0.0000,0.0544,0.0077
hiphop,78,0.0034,0.1320,0.0248,0.0081,0.6658,0.0067,0.0019,0.0000,0.0894,0.0678
hiphop,79,0.0023,0.2221,0.0159,0.0038,0.6819,0.0033,0.0011,0.0000,0.0470,0.0226
hiphop,80,0.0000,0.0731,0.0097,0.0008,0.7810,0.0001,0.0098,0.0000,0.1188,0.0066
hiphop,81,0.0037,0.0092,0.0569,0.1335,0.6082,0.0028,0.1021,0.0001,0.0832,0.0002
hiphop,82,0.0001,0.0762,0.0107,0.0020,0.7957,0.0002,0.0074,0.0000,0.1050,0.0026
hiphop,83,0.0156,0.1681,0.0737,0.1038,0.4931,0.0248,0.0045,0.0002,0.1095,0.0067
hiphop,84,0.0111,0.1493,0.1014,0.0212,0.4197,0.0318,0.0013,0.0006,0.1979,0.0659
hiphop,85,0.0000,0.0015,0.1001,0.0413,0.1858,0.0006,0.6527,0.0000,0.0178,0.0001
hiphop,86,0.0000,0.1085,0.0314,0.0074,0.3664,0.0002,0.0140,0.0000,0.4663,0.0058
hiphop,87,0.0000,0.0519,0.0035,0.0005,0.8424,0.0000,0.0048,0.0000,0.0961,0.0008
hiphop,88,0.0027,0.0107,0.0761,0.0718,0.6706,0.0032,0.0800,0.0003,0.0837,0.0009
hiphop,89,0.0008,0.2118,0.0109,0.0003,0.1897,0.0036,0.0001,0.0002,0.1019,0.4808
hiphop,90,0.0026,0.0259,0.0553,0.0613,0.6848,0.0023,0.0440,0.0001,0.1222,0.0015
hiphop,91,0.0004,0.0038,0.0280,0.0363,0.5054,0.0003,0.3947,0.0000,0.0310,0.0001
hiphop,92,0.0006,0.0517,0.0027,0.0006,0.8611,0.0002,0.0003,0.0000,0.0309,0.0519
hiphop,93,0.0014,0.0260,0.0067,0.0017,0.9222,0.0005,0.0012,0.0002,0.0247,0.0154
hiphop,94,0.0006,0.5964,0.0036,0.0004,0.2116,0.0011,0.0000,0.0001,0.0917,0.0944
hiphop,95,0.0010,0.0097,0.0455,0.0633,0.6900,0.0010,0.0973,0.0001,0.0917,0.0004
hiphop,96,0.0000,0.0386,0.0024,0.0002,0.9113,0.0000,0.0028,0.0000,0.0421,0.0026
hiphop,97,0.0077,0.0128,0.0970,0.2434,0.5048,0.0084,0.0930,0.0004,0.0305,0.0019
hiphop,98,0.0155,0.0171,0.0541,0.1331,0.6580,0.0091,0.0828,0.0023,0.0228,0.0051
hiphop,99,0.0015,0.1572,0.0270,0.0062,0.5937,0.0033,0.0036,0.0000,0.1849,0.0226
country,0,0.2022,0.0100,0.0492,0.1460,0.0007,0.5563,0.0000,0.0307,0.0028,0.0021
country,1,0.0207,0.1146,0.1482,0.1032,0.0057,0.4592,0.0033,0.0053,0.0778,0.0620
country,2,0.0497,0.0062,0.3046,0.0576,0.0007,0.4056,0.0003,0.1408,0.0274,0.0071
country,3,0.0405,0.0680,0.0720,0.0859,0.0006,0.7103,0.0000,0.0019,0.0110,0.0097
country,4,0.0253,0.0195,0.3064,0.1271,0.0034,0.3361,0.0014,0.0034,0.1706,0.0068
country,5,0.0449,0.0141,0.0749,0.0514,0.0007,0.7573,0.0000,0.0312,0.0037,0.0217
country,6,0.1527,0.1468,0.0889,0.0993,0.0805,0.3468,0.0002,0.0049,0.0319,0.0480
country,7,0.0385,0.0648,0.1121,0.2625,0.0039,0.4183,0.0074,0.0230,0.0131,0.0563
country,8,0.0416,0.0295,0.0932,0.1129,0.0015,0.6757,0.0002,0.0182,0.0062,0.0210
country,9,0.0287,0.0157,0.1471,0.0706,0.0021,0.6727,0.0004,0.0274,0.0100,0.0253
country,10,0.0460,0.0092,0.3217,0.1626,0.0020,0.3098,0.0014,0.0131,0.1319,0.0022
country,11,0.0919,0.0251,0.1403,0.0682,0.0012,0.6091,0.0001,0.0281,0.0189,0.0172
country,12,0.1311,0.0090,0.0579,0.0719,0.0003,0.4856,0.0001,0.2344,0.0012,0.0084
country,13,0.3089,0.0137,0.0191,0.3002,0.0003,0.2645,0.0000,0.0901,0.0004,0.0027
country,14,0.0278,0.0638,0.0555,0.0786,0.0010,0.7311,0.0001,0.0015,0.0057,0.0349
country,15,0.0273,0.0258,0.2877,0.0599,0.0049,0.4585,0.0049,0.0086,0.0958,0.0265
country,16,0.0605,0.0081,0.1432,0.1504,0.0007,0.5584,0.0003,0.0655,0.0030,0.0101
country,17,0.0481,0.0192,0.3607,0.1043,0.0022,0.3197,0.0019,0.0536,0.0770,0.0134
country,18,0.0637,0.0069,0.3459,0.2247,0.0035,0.2664,0.0056,0.0176,0.0619,0.0039
country,19,0.0535,0.0228,0.2643,0.1055,0.0019,0.3384,0.0003,0.0543,0.1458,0.0133
country,20,0.0405,0.0137,0.2257,0.0538,0.0011,0.5697,0.0001,0.0358,0.0429,0.0167
country,21,0.0459,0.0136,0.1092,0.0683,0.0010,0.7289,0.0000,0.0147,0.0108,0.0074
country,22,0.1398,0.0127,0.0149,0.5795,0.0002,0.2237,0.0000,0.0277,0.0002,0.0014
country,23,0.2076,0.0135,0.0540,0.0846,0.0005,0.5805,0.0000,0.0450,0.0021,0.0121
country,24,0.1699,0.0071,0.0532,0.0589,0.0004,0.4499,0.0001,0.2476,0.0031,0.0096
country,25,0.0810,0.0195,0.2466,0.0554,0.0043,0.4894,0.0015,0.0264,0.0431,0.0328
country,26,0.0857,0.1038,0.1250,0.0263,0.0225,0.3808,0.0005,0.0032,0.0785,0.1736
country,27,0.0766,0.0223,0.1645,0.0348,0.0031,0.4168,0.0006,0.0372,0.0352,0.2090
country,28,0.1825,0.0123,0.2276,0.1526,0.0042,0.3278,0.0027,0.0445,0.0327,0.0131
country,29,0.3027,0.0096,0.0342,0.0692,0.0003,0.3593,0.0000,0.2149,0.0022,0.0076
country,30,0.1232,0.0154,0.0826,0.0362,0.0012,0.4674,0.0001,0.1086,0.0109,0.1543
country,31,0.0418,0.0189,0.1347,0.0461,0.0027,0.7012,0.0004,0.0108,0.0165,0.0268
country,32,0.3110,0.0868,0.0555,0.0970,0.0212,0.3149,0.0001,0.0073,0.0089,0.0972
country,33,0.2507,0.0182,0.0389,0.1656,0.0006,0.4810,0.0000,0.0377,0.0013,0.0060
country,34,0.0926,0.0569,0.1117,0.0285,0.0034,0.5692,0.0001,0.0251,0.0237,0.0888
country,35,0.2183,0.0250,0.1462,0.0457,0.0032,0.3991,0.0005,0.0510,0.0401,0.0709
country,36,0.1231,0.0155,0.2103,0.0600,0.0040,0.4777,0.0026,0.0380,0.0405,0.0283
country,37,0.1073,0.0470,0.1624,0.0476,0.0025,0.4575,0.0001,0.0194,0.0880,0.0682
country,38,0.1746,0.0372,0.1827,0.0538,0.0064,0.3429,0.0014,0.0320,0.1097,0.0593
country,39,0.1815,0.1061,0.0741,0.0624,0.0080,0.3930,0.0001,0.0135,0.0171,0.1440
country,40,0.1237,0.0622,0.1706,0.0944,0.0038,0.4581,0.0004,0.0030,0.0389,0.0448
country,41,0.0642,0.0697,0.1602,0.0251,0.0051,0.3997,0.0003,0.0115,0.1349,0.1291
country,42,0.1463,0.0310,0.1509,0.1084,0.0017,0.4758,0.0003,0.0626,0.0101,0.0129
country,43,0.0615,0.0112,0.2486,0.0870,0.0037,0.5372,0.0021,0.0143,0.0240,0.0104
country,44,0.0861,0.0115,0.3311,0.0627,0.0047,0.3787,0.0069,0.0523,0.0386,0.0274
country,45,0.2837,0.0139,0.0360,0.1291,0.0006,0.3824,0.0001,0.1428,0.0012,0.0103
country,46,0.0932,0.0254,0.1352,0.0641,0.0018,0.6323,0.0002,0.0136,0.0172,0.0171
country,47,0.0165,0.3252,0.0586,0.0107,0.0332,0.0691,0.0002,0.0016,0.2204,0.2645
country,48,0.0197,0.0881,0.2283,0.1815,0.0129,0.4053,0.0044,0.0009,0.0388,0.0203
country,49,0.0801,0.0115,0.1961,0.0389,0.0018,0.5470,0.0006,0.0842,0.0181,0.0217
country,50,0.1118,0.0220,0.0484,0.0571,0.0006,0.6780,0.0000,0.0419,0.0026,0.0375
country,51,0.2044,0.0618,0.0527,0.1353,0.0018,0.4989,0.0001,0.0256,0.0045,0.0150
country,52,0.1257,0.0570,0.0653,0.2228,0.0030,0.4089,0.0010,0.0679,0.0062,0.0422
country,53,0.0889,0.0107,0.1126,0.0524,0.0006,0.6568,0.0000,0.0575,0.0063,0.0141
country,54,0.0705,0.0380,0.1841,0.0412,0.0017,0.5204,0.0001,0.0202,0.0767,0.0472
country,55,0.1034,0.0131,0.2028,0.0453,0.0008,0.4907,0.0001,0.0814,0.0458,0.0166
country,56,0.0993,0.0159,0.0965,0.1205,0.0004,0.5992,0.0000,0.0556,0.0053,0.0073
country,57,0.1228,0.0246,0.0576,0.0301,0.0008,0.6318,0.0000,0.0173,0.0045,0.1105
country,58,0.0719,0.0865,0.0718,0.1200,0.0026,0.6050,0.0001,0.0099,0.0079,0.0243
country,59,0.0621,0.0463,0.0539,0.3794,0.0021,0.3558,0.0044,0.0322,0.0039,0.0598
country,60,0.0597,0.0196,0.2439,0.0702,0.0019,0.4945,0.0003,0.0392,0.0516,0.0192
country,61,0.1520,0.0151,0.0235,0.2856,0.0002,0.4115,0.0000,0.1074,0.0004,0.0043
country,62,0.0534,0.0183,0.1240,0.0392,0.0025,0.6908,0.0004,0.0234,0.0142,0.0336
country,63,0.0461,0.0210,0.0682,0.1311,0.0022,0.7032,0.0002,0.0101,0.0054,0.0125
country,64,0.0454,0.0278,0.2429,0.1733,0.0045,0.4109,0.0022,0.0088,0.0759,0.0083
country,65,0.1112,0.0420,0.1124,0.1119,0.0016,0.5430,0.0002,0.0492,0.0095,0.0191
country,66,0.1162,0.0334,0.1490,0.0502,0.0063,0.5742,0.0004,0.0076,0.0236,0.0392
country,67,0.0552,0.0058,0.0974,0.0621,0.0007,0.7523,0.0000,0.0200,0.0029,0.0035
country,68,0.0394,0.0234,0.1107,0.0796,0.0024,0.6723,0.0005,0.0242,0.0104,0.0371
country,69,0.0175,0.0254,0.3377,0.0234,0.0036,0.4245,0.0004,0.0096,0.1169,0.0410
country,70,0.0477,0.0105,0.1381,0.0781,0.0011,0.7067,0.0001,0.0055,0.0085,0.0036
country,71,0.0274,0.0129,0.2328,0.1277,0.0019,0.5464,0.0004,0.0018,0.0457,0.0032
country,72,0.0294,0.0067,0.2599,0.0495,0.0013,0.5965,0.0004,0.0336,0.0124,0.0104
country,73,0.0622,0.0084,0.2123,0.4617,0.0117,0.1913,0.0041,0.0042,0.0423,0.0018
country,74,0.2016,0.0087,0.0218,0.1452,0.0001,0.4186,0.0000,0.1991,0.0004,0.0044
country,75,0.0227,0.0052,0.3945,0.1019,0.0019,0.3994,0.0013,0.0125,0.0555,0.0052
country,76,0.0367,0.0725,0.1893,0.0308,0.0124,0.4288,0.0084,0.0046,0.1056,0.1108
country,77,0.0301,0.0632,0.1831,0.0091,0.0058,0.3269,0.0004,0.0054,0.1628,0.2132
country,78,0.0351,0.0119,0.1917,0.1795,0.0029,0.5507,0.0011,0.0071,0.0145,0.0055
country,79,0.1171,0.0370,0.1031,0.1489,0.0020,0.5047,0.0005,0.0606,0.0096,0.0165
country,80,0.0418,0.0135,0.0951,0.0785,0.0010,0.7081,0.0001,0.0451,0.0057,0.0112
country,81,0.0588,0.0117,0.1266,0.0649,0.0008,0.6868,0.0000,0.0375,0.0050,0.0080
country,82,0.2073,0.0097,0.0268,0.0687,0.0003,0.6369,0.0000,0.0294,0.0007,0.0202
country,83,0.0500,0.0102,0.0570,0.0350,0.0004,0.8000,0.0000,0.0290,0.0021,0.0163
country,84,0.0199,0.0111,0.2511,0.0520,0.0023,0.5980,0.0004,0.0032,0.0483,0.0137
country,85,0.0462,0.0138,0.0989,0.0268,0.0007,0.6861,0.0000,0.0390,0.0083,0.0802
country,86,0.0673,0.0254,0.0772,0.1192,0.0036,0.3348,0.0031,0.2660,0.0139,0.0895
country,87,0.0452,0.0136,0.0564,0.0502,0.0005,0.7925,0.0000,0.0208,0.0024,0.0184
country,88,0.0238,0.0644,0.1528,0.0139,0.0087,0.1566,0.0007,0.0106,0.1478,0.4209
country,89,0.0415,0.0192,0.1427,0.0604,0.0017,0.6686,0.0003,0.0297,0.0096,0.0263
country,90,0.1153,0.0207,0.1733,0.2572,0.0039,0.3859,0.0024,0.0163,0.0218,0.0032
country,91,0.0112,0.0020,0.5206,0.2189,0.0043,0.1737,0.0462,0.0010,0.0218,0.0003
country,92,0.0584,0.0125,0.1253,0.0987,0.0026,0.6746,0.0004,0.0095,0.0103,0.0076
country,93,0.0495,0.0120,0.2328,0.1332,0.0023,0.5227,0.0008,0.0156,0.0271,0.0040
country,94,0.1450,0.0304,0.1141,0.1312,0.0014,0.5158,0.0002,0.0382,0.0116,0.0121
country,95,0.0288,0.0048,0.3401,0.1320,0.0039,0.4433,0.0061,0.0036,0.0350,0.0024
country,96,0.1106,0.0238,0.0586,0.1411,0.0008,0.5491,0.0001,0.1047,0.0024,0.0087
country,97,0.0397,0.0171,0.1430,0.1562,0.0015,0.6113,0.0014,0.0105,0.0073,0.0122
country,98,0.0592,0.0227,0.0834,0.0601,0.0011,0.6617,0.0001,0.0543,0.0062,0.0513
country,99,0.0650,0.0095,0.0891,0.0478,0.0004,0.7130,0.0000,0.0512,0.0040,0.0199
jazz,0,0.6482,0.0012,0.0045,0.1064,0.0001,0.0423,0.0000,0.1967,0.0002,0.0003
jazz,1,0.5810,0.0016,0.0019,0.0279,0.0000,0.0437,0.0000,0.3437,0.0000,0.0001
jazz,2,0.3803,0.0004,0.0018,0.0450,0.0000,0.0140,0.0000,0.5583,0.0001,0.0001
jazz,3,0.4340,0.0093,0.0223,0.3135,0.1473,0.0338,0.0036,0.0265,0.0083,0.0014
jazz,4,0.3489,0.0186,0.0423,0.0432,0.0006,0.3165,0.0001,0.2195,0.0014,0.0089
jazz,5,0.6023,0.0043,0.0084,0.3196,0.0017,0.0520,0.0000,0.0102,0.0011,0.0004
jazz,6,0.3557,0.0095,0.0223,0.5176,0.0244,0.0557,0.0019,0.0084,0.0033,0.0013
jazz,7,0.7771,0.0042,0.0038,0.1212,0.0006,0.0468,0.0000,0.0449,0.0007,0.0006
jazz,8,0.6385,0.0024,0.0028,0.1289,0.0000,0.0539,0.0000,0.1726,0.0000,0.0008
jazz,9,0.1787,0.0215,0.1514,0.3044,0.0075,0.1422,0.0132,0.1404,0.0225,0.0182
jazz,10,0.7536,0.0024,0.0116,0.1189,0.0005,0.0586,0.0000,0.0531,0.0006,0.0007
jazz,11,0.4911,0.0049,0.0130,0.1858,0.0001,0.1713,0.0000,0.1305,0.0003,0.0030
jazz,12,0.6676,0.0003,0.0016,0.1449,0.0000,0.0179,0.0000,0.1674,0.0000,0.0003
jazz,13,0.7904,0.0025,0.0030,0.1166,0.0003,0.0504,0.0000,0.0362,0.0004,0.0002
jazz,14,0.7559,0.0022,0.0013,0.0897,0.0001,0.0293,0.0000,0.1206,0.0001,0.0007
jazz,15,0.7282,0.0108,0.0048,0.1793,0.0013,0.0521,0.0000,0.0223,0.0004,0.0008
jazz,16,0.4240,0.0089,0.0241,0.4343,0.0237,0.0592,0.0011,0.0175,0.0048,0.0024
jazz,17,0.7434,0.0011,0.0015,0.0415,0.0000,0.0368,0.0000,0.1752,0.0001,0.0006
jazz,18,0.3442,0.0156,0.0299,0.4224,0.0008,0.1674,0.0000,0.0144,0.0013,0.0041
jazz,19,0.6952,0.0042,0.0068,0.1692,0.0004,0.0935,0.0000,0.0294,0.0008,0.0006
jazz,20,0.6514,0.0104,0.0241,0.0585,0.0003,0.1934,0.0000,0.0479,0.0059,0.0080
jazz,21,0.3936,0.0200,0.1073,0.0250,0.0018,0.3069,0.0001,0.0488,0.0311,0.0653
jazz,22,0.5102,0.0086,0.0168,0.2473,0.0011,0.1978,0.0000,0.0146,0.0005,0.0032
jazz,23,0.5203,0.0090,0.0275,0.1488,0.0006,0.2019,0.0000,0.0848,0.0048,0.0022
jazz,24,0.6035,0.0122,0.0131,0.0860,0.0003,0.1089,0.0000,0.1675,0.0018,0.0068
jazz,25,0.5471,0.0132,0.0195,0.2108,0.0008,0.1669,0.0000,0.0320,0.0024,0.0074
jazz,26,0.7364,0.0063,0.0133,0.0450,0.0004,0.1003,0.0000,0.0943,0.0010,0.0030
jazz,27,0.4344,0.0066,0.0335,0.0361,0.0001,0.1494,0.0000,0.3314,0.0024,0.0060
jazz,28,0.4372,0.0083,0.0166,0.2328,0.0005,0.0946,0.0001,0.2038,0.0006,0.0055
jazz,29,0.6462,0.0304,0.0305,0.0310,0.0006,0.1644,0.0000,0.0611,0.0033,0.0324
jazz,30,0.4995,0.0136,0.0412,0.1075,0.0006,0.2863,0.0000,0.0344,0.0101,0.0069
jazz,31,0.4693,0.0299,0.0937,0.0387,0.0035,0.2108,0.0003,0.0825,0.0329,0.0383
jazz,32,0.5972,0.0120,0.0152,0.2378,0.0037,0.1023,0.0000,0.0287,0.0004,0.0026
jazz,33,0.6474,0.0351,0.0216,0.0957,0.0113,0.1578,0.0000,0.0098,0.0078,0.0135
jazz,34,0.3276,0.0393,0.0409,0.4188,0.0324,0.1108,0.0023,0.0156,0.0077,0.0046
jazz,35,0.4191,0.0308,0.0206,0.3406,0.0033,0.0725,0.0003,0.1044,0.0034,0.0050
jazz,36,0.6754,0.0055,0.0018,0.2632,0.0007,0.0294,0.0000,0.0235,0.0001,0.0003
jazz,37,0.5777,0.0051,0.0140,0.0257,0.0000,0.2117,0.0000,0.1418,0.0008,0.0230
jazz,38,0.5045,0.0088,0.0120,0.3247,0.0004,0.0792,0.0000,0.0681,0.0012,0.0010
jazz,39,0.6313,0.0097,0.0076,0.0846,0.0002,0.0916,0.0000,0.1707,0.0004,0.0039
jazz,40,0.4458,0.0083,0.0537,0.1080,0.0012,0.2523,0.0001,0.1186,0.0056,0.0064
jazz,41,0.7281,0.0118,0.0055,0.1743,0.0016,0.0547,0.0000,0.0226,0.0005,0.0009
jazz,42,0.7614,0.0013,0.0015,0.0755,0.0000,0.0395,0.0000,0.1204,0.0000,0.0002
jazz,43,0.3783,0.0943,0.0363,0.1710,0.0303,0.2133,0.0001,0.0224,0.0044,0.0497
jazz,44,0.3390,0.0092,0.0520,0.0344,0.0004,0.3165,0.0000,0.2069,0.0038,0.0377
jazz,45,0.6009,0.0108,0.0132,0.2470,0.0030,0.0937,0.0000,0.0288,0.0004,0.0021
jazz,46,0.5311,0.0226,0.0187,0.2151,0.0027,0.1933,0.0000,0.0116,0.0007,0.0042
jazz,47,0.3915,0.0181,0.0131,0.3517,0.0007,0.0722,0.0000,0.1480,0.0007,0.0041
jazz,48,0.6308,0.0352,0.0525,0.0387,0.0038,0.1531,0.0001,0.0433,0.0121,0.0303
jazz,49,0.4246,0.0448,0.1218,0.0708,0.0191,0.1036,0.0043,0.0384,0.1007,0.0720
jazz,50,0.4825,0.0292,0.0352,0.2442,0.0046,0.0940,0.0002,0.0982,0.0073,0.0046
jazz,51,0.5482,0.0385,0.0305,0.0306,0.0009,0.2348,0.0000,0.0333,0.0118,0.0713
jazz,52,0.6606,0.0037,0.0033,0.2412,0.0001,0.0469,0.0000,0.0439,0.0001,0.0001
jazz,53,0.7199,0.0017,0.0028,0.0584,0.0000,0.0922,0.0000,0.1245,0.0001,0.0004
jazz,54,0.5524,0.0140,0.0195,0.1227,0.0005,0.2320,0.0000,0.0504,0.0049,0.0037
jazz,55,0.2416,0.0020,0.0032,0.0234,0.0001,0.0396,0.0000,0.6880,0.0005,0.0016
jazz,56,0.3739,0.0331,0.1675,0.1121,0.0131,0.1929,0.0022,0.0198,0.0481,0.0374
jazz,57,0.4656,0.0119,0.0113,0.2726,0.0002,0.1809,0.0000,0.0549,0.0003,0.0023
jazz,58,0.6917,0.0049,0.0140,0.1618,0.0019,0.0710,0.0000,0.0503,0.0022,0.0022
jazz,59,0.2111,0.1072,0.0985,0.0251,0.0276,0.1453,0.0005,0.0132,0.1310,0.2405
jazz,60,0.4469,0.0720,0.0822,0.0488,0.0321,0.1676,0.0011,0.0098,0.0535,0.0860
jazz,61,0.5366,0.0218,0.0171,0.2200,0.0024,0.1856,0.0000,0.0119,0.0006,0.0039
jazz,62,0.6735,0.0053,0.0018,0.2659,0.0006,0.0290,0.0000,0.0234,0.0001,0.0003
jazz,63,0.4148,0.1094,0.0499,0.0925,0.0254,0.2302,0.0002,0.0132,0.0089,0.0556
jazz,64,0.5886,0.0369,0.0657,0.0603,0.0069,0.1191,0.0007,0.0876,0.0147,0.0197
jazz,65,0.4713,0.0486,0.0381,0.2993,0.0039,0.1013,0.0001,0.0197,0.0029,0.0146
jazz,66,0.3841,0.0245,0.0413,0.0499,0.0011,0.4132,0.0000,0.0472,0.0027,0.0360
jazz,67,0.4865,0.0376,0.0920,0.0389,0.0045,0.2488,0.0004,0.0273,0.0280,0.0361
jazz,68,0.3600,0.0369,0.0801,0.3281,0.0040,0.1577,0.0003,0.0170,0.0117,0.0041
jazz,69,0.5454,0.0092,0.0348,0.2039,0.0032,0.1758,0.0001,0.0178,0.0063,0.0033
jazz,70,0.5878,0.0281,0.0506,0.0527,0.0019,0.2028,0.0001,0.0434,0.0096,0.0230
jazz,71,0.5105,0.0118,0.0129,0.3041,0.0041,0.1085,0.0000,0.0443,0.0006,0.0033
jazz,72,0.7610,0.0013,0.0014,0.0759,0.0000,0.0371,0.0000,0.1230,0.0000,0.0002
jazz,73,0.5215,0.0390,0.0275,0.1547,0.0068,0.1456,0.0005,0.0713,0.0031,0.0300
jazz,74,0.4026,0.0319,0.1399,0.1787,0.0088,0.1819,0.0013,0.0117,0.0101,0.0331
jazz,75,0.4201,0.0185,0.0335,0.2018,0.0012,0.1464,0.0001,0.1524,0.0019,0.0241
jazz,76,0.3698,0.0074,0.0489,0.0224,0.0002,0.3652,0.0000,0.1366,0.0035,0.0461
jazz,77,0.5975,0.0100,0.0073,0.1214,0.0002,0.0866,0.0000,0.1737,0.0003,0.0030
jazz,78,0.3680,0.0595,0.1361,0.0446,0.0513,0.1350,0.0043,0.0136,0.0927,0.0950
jazz,79,0.5140,0.0427,0.0240,0.1739,0.0014,0.2240,0.0000,0.0078,0.0036,0.0087
jazz,80,0.6161,0.0079,0.0080,0.1283,0.0003,0.0898,0.0000,0.1466,0.0010,0.0021
jazz,81,0.6790,0.0123,0.0183,0.1641,0.0038,0.0687,0.0003,0.0486,0.0025,0.0023
jazz,82,0.4506,0.0051,0.0093,0.1192,0.0004,0.0718,0.0000,0.3400,0.0008,0.0029
jazz,83,0.4321,0.0063,0.0100,0.4253,0.0003,0.0602,0.0000,0.0645,0.0008,0.0005
jazz,84,0.4490,0.0032,0.0100,0.4393,0.0010,0.0487,0.0001,0.0473,0.0005,0.0011
jazz,85,0.3159,0.0206,0.0547,0.4627,0.0022,0.1186,0.0003,0.0177,0.0055,0.0018
jazz,86,0.2842,0.0219,0.0461,0.4775,0.0028,0.0966,0.0002,0.0543,0.0092,0.0071
jazz,87,0.2962,0.0111,0.0215,0.1022,0.0003,0.1936,0.0001,0.3689,0.0007,0.0054
jazz,88,0.7203,0.0017,0.0027,0.0577,0.0000,0.0902,0.0000,0.1270,0.0001,0.0004
jazz,89,0.1386,0.0062,0.0982,0.5845,0.0664,0.0132,0.0547,0.0014,0.0359,0.0008
jazz,90,0.6510,0.0046,0.0111,0.1150,0.0004,0.1013,0.0000,0.1151,0.0007,0.0010
jazz,91,0.5045,0.0105,0.0121,0.3335,0.0068,0.0431,0.0004,0.0794,0.0036,0.0061
jazz,92,0.6005,0.0043,0.0116,0.3256,0.0025,0.0455,0.0001,0.0083,0.0013,0.0003
jazz,93,0.6445,0.0039,0.0215,0.1359,0.0005,0.0890,0.0000,0.1026,0.0006,0.0015
jazz,94,0.6718,0.0088,0.0182,0.2046,0.0060,0.0565,0.0001,0.0267,0.0059,0.0014
jazz,95,0.6289,0.0060,0.0191,0.1740,0.0024,0.0550,0.0001,0.1077,0.0055,0.0014
jazz,96,0.3815,0.0740,0.0471,0.2563,0.0091,0.1448,0.0002,0.0537,0.0140,0.0193
jazz,97,0.3790,0.0016,0.0037,0.0169,0.0000,0.0472,0.0000,0.5473,0.0003,0.0039
jazz,98,0.5112,0.0060,0.0181,0.3587,0.0018,0.0776,0.0000,0.0231,0.0025,0.0009
jazz,99,0.5145,0.0114,0.0120,0.3051,0.0036,0.1055,0.0000,0.0441,0.0005,0.0032
